-- MySQL dump 10.13  Distrib 9.4.0, for Win64 (x86_64)
--
-- Host: 127.0.0.1    Database: dev
-- ------------------------------------------------------
-- Server version	9.4.0

/*!40101 SET @OLD_CHARACTER_SET_CLIENT=@@CHARACTER_SET_CLIENT */;
/*!40101 SET @OLD_CHARACTER_SET_RESULTS=@@CHARACTER_SET_RESULTS */;
/*!40101 SET @OLD_COLLATION_CONNECTION=@@COLLATION_CONNECTION */;
/*!50503 SET NAMES utf8 */;
/*!40103 SET @OLD_TIME_ZONE=@@TIME_ZONE */;
/*!40103 SET TIME_ZONE='+00:00' */;
/*!40014 SET @OLD_UNIQUE_CHECKS=@@UNIQUE_CHECKS, UNIQUE_CHECKS=0 */;
/*!40014 SET @OLD_FOREIGN_KEY_CHECKS=@@FOREIGN_KEY_CHECKS, FOREIGN_KEY_CHECKS=0 */;
/*!40101 SET @OLD_SQL_MODE=@@SQL_MODE, SQL_MODE='NO_AUTO_VALUE_ON_ZERO' */;
/*!40111 SET @OLD_SQL_NOTES=@@SQL_NOTES, SQL_NOTES=0 */;

--
-- Table structure for table `buildings`
--

DROP TABLE IF EXISTS `buildings`;
/*!40101 SET @saved_cs_client     = @@character_set_client */;
/*!50503 SET character_set_client = utf8mb4 */;
CREATE TABLE `buildings` (
  `id` int NOT NULL AUTO_INCREMENT,
  `name` varchar(100) NOT NULL,
  `description` text,
  PRIMARY KEY (`id`)
) ENGINE=InnoDB AUTO_INCREMENT=7 DEFAULT CHARSET=utf8mb4 COLLATE=utf8mb4_0900_ai_ci;
/*!40101 SET character_set_client = @saved_cs_client */;

--
-- Dumping data for table `buildings`
--

LOCK TABLES `buildings` WRITE;
/*!40000 ALTER TABLE `buildings` DISABLE KEYS */;
INSERT INTO `buildings` VALUES (1,'A2','Cấp Mầm non - THCS'),(2,'C1','Cấp THPT'),(3,'B1','Cấp Tiểu học (Khối 1 - 2 - 3)'),(4,'A7','Cấp Tiểu học (Khối 4 - 5)');
/*!40000 ALTER TABLE `buildings` ENABLE KEYS */;
UNLOCK TABLES;

--
-- Table structure for table `device_reports`
--

DROP TABLE IF EXISTS `device_reports`;
/*!40101 SET @saved_cs_client     = @@character_set_client */;
/*!50503 SET character_set_client = utf8mb4 */;
CREATE TABLE `device_reports` (
  `id` int NOT NULL AUTO_INCREMENT,
  `reporter_id` int NOT NULL,
  `device_id` int NOT NULL,
  `description` text NOT NULL,
  `image_url` varchar(255) DEFAULT NULL,
  `assigned_to` int DEFAULT NULL,
  `status` enum('pending','received','repairing','repaired','waiting_replacement','unfixable','recheck_required','completed') DEFAULT 'pending',
  `technician_note` text,
  `confirmed_at` datetime DEFAULT NULL,
  `created_at` datetime NOT NULL,
  `updated_at` datetime NOT NULL,
  PRIMARY KEY (`id`),
  KEY `reporter_id` (`reporter_id`),
  KEY `device_id` (`device_id`),
  KEY `assigned_to` (`assigned_to`),
  CONSTRAINT `device_reports_ibfk_1` FOREIGN KEY (`reporter_id`) REFERENCES `users` (`id`),
  CONSTRAINT `device_reports_ibfk_2` FOREIGN KEY (`device_id`) REFERENCES `devices` (`id`),
  CONSTRAINT `device_reports_ibfk_3` FOREIGN KEY (`assigned_to`) REFERENCES `users` (`id`)
) ENGINE=InnoDB AUTO_INCREMENT=12 DEFAULT CHARSET=utf8mb4 COLLATE=utf8mb4_0900_ai_ci;
/*!40101 SET character_set_client = @saved_cs_client */;

--
-- Dumping data for table `device_reports`
--

LOCK TABLES `device_reports` WRITE;
/*!40000 ALTER TABLE `device_reports` DISABLE KEYS */;
INSERT INTO `device_reports` VALUES (1,10,4,'Kêu tít tít ',NULL,NULL,'pending',NULL,NULL,'2026-03-09 10:30:45','2026-03-09 10:30:45'),(2,1,1,'máy lạnh không mát','/uploads/reports/report-1773103573170-368046117.jpg',8,'completed','ok','2026-03-10 08:00:25','2026-03-10 07:46:13','2026-03-10 08:00:25'),(3,1,5,'camera bị kêu','/uploads/reports/report-1773104831799-211299736.jpg',8,'waiting_replacement','chờ thay thế thiết bị',NULL,'2026-03-10 08:07:11','2026-03-10 08:37:50'),(4,1,2,'abc','/uploads/reports/report-1773107068943-389319872.jpg',8,'completed',NULL,'2026-03-10 08:47:44','2026-03-10 08:44:28','2026-03-10 08:47:44'),(5,1,9,'máy quét không thể quét được','/uploads/reports/report-1773143190254-672703361.jpg',8,'completed',NULL,NULL,'2026-03-10 18:46:30','2026-03-12 08:00:00'),(6,1,4,'abc','/uploads/reports/report-1773145812026-580077839.jpg',168,'waiting_replacement','Hết linh kiện, chờ thay thế ',NULL,'2026-03-10 19:30:12','2026-03-18 10:15:12'),(7,1,7,'tivi hỏng màn hình','/uploads/reports/report-1773145974134-425428343.jpg',8,'waiting_replacement','chờ thay thế linh kiện',NULL,'2026-03-10 19:32:54','2026-03-15 09:33:09'),(8,1,3,'hỏng','/uploads/reports/report-1773624755634-717848492.jpg',8,'received',NULL,NULL,'2026-03-16 08:32:35','2026-03-16 08:33:37'),(9,4,1,'Không mát','/uploads/reports/report-1773803866977-255124762.jpg',168,'unfixable','Linh kiện bị hỏng không sữa chữa được.',NULL,'2026-03-18 10:17:46','2026-03-18 10:20:26'),(10,1,87,'camera hỏng','/uploads/reports/report-1774679967613-950500825.jpg',8,'recheck_required','[Phản hồi] chưa sử dụng được',NULL,'2026-03-28 13:39:27','2026-03-30 12:01:43'),(11,7,71,'không hoạt động','/uploads/reports/report-1774946712209-469068119.jfif',8,'completed','đã sửa xong','2026-03-31 15:48:28','2026-03-31 15:45:12','2026-03-31 15:48:28');
/*!40000 ALTER TABLE `device_reports` ENABLE KEYS */;
UNLOCK TABLES;

--
-- Table structure for table `devices`
--

DROP TABLE IF EXISTS `devices`;
/*!40101 SET @saved_cs_client     = @@character_set_client */;
/*!50503 SET character_set_client = utf8mb4 */;
CREATE TABLE `devices` (
  `id` int NOT NULL AUTO_INCREMENT,
  `name` varchar(255) NOT NULL,
  `room_id` int DEFAULT NULL,
  `status` enum('active','under_repair','waiting_replacement','broken') DEFAULT 'active',
  `created_at` datetime DEFAULT NULL,
  `updated_at` datetime DEFAULT NULL,
  PRIMARY KEY (`id`),
  KEY `room_id` (`room_id`),
  CONSTRAINT `devices_ibfk_1` FOREIGN KEY (`room_id`) REFERENCES `rooms` (`id`)
) ENGINE=InnoDB AUTO_INCREMENT=91 DEFAULT CHARSET=utf8mb4 COLLATE=utf8mb4_0900_ai_ci;
/*!40101 SET character_set_client = @saved_cs_client */;

--
-- Dumping data for table `devices`
--

LOCK TABLES `devices` WRITE;
/*!40000 ALTER TABLE `devices` DISABLE KEYS */;
INSERT INTO `devices` VALUES (1,'Máy lạnh',69,'broken','2026-03-09 10:28:20','2026-03-18 10:20:26'),(2,'Máy in',33,'active','2026-03-09 10:28:41','2026-03-10 08:47:44'),(3,'Máy tính ',68,'under_repair','2026-03-09 10:29:00','2026-03-16 08:33:37'),(4,'Camera',4,'waiting_replacement','2026-03-09 10:29:21','2026-03-18 10:15:12'),(5,'Camera',29,'active','2026-03-10 08:05:32','2026-03-10 08:05:32'),(6,'Máy chiếu',8,'active','2026-03-10 18:43:24','2026-03-10 18:43:24'),(7,'Tivi',66,'waiting_replacement','2026-03-10 18:43:35','2026-03-15 09:33:09'),(8,'Máy chiếu',2,'active','2026-03-10 18:43:48','2026-03-10 18:43:48'),(9,'Máy quét',46,'active','2026-03-10 18:44:15','2026-03-12 08:15:38'),(10,'Máy lạnh',61,'active','2026-03-18 10:23:44','2026-03-18 10:23:44'),(11,'Máy lạnh',60,'active','2026-03-18 10:23:59','2026-03-18 10:23:59'),(12,'Máy lạnh',59,'active','2026-03-18 10:24:11','2026-03-18 10:24:11'),(13,'Máy lạnh',58,'active','2026-03-18 10:24:23','2026-03-18 10:24:23'),(14,'Máy lạnh',57,'active','2026-03-18 10:24:35','2026-03-18 10:24:35'),(15,'Máy lạnh',57,'active','2026-03-18 10:24:49','2026-03-18 10:24:49'),(16,'Máy lạnh',56,'active','2026-03-18 10:25:02','2026-03-18 10:25:02'),(17,'Máy lạnh',56,'active','2026-03-18 10:25:12','2026-03-18 10:25:12'),(18,'Máy lạnh',55,'active','2026-03-18 10:25:21','2026-03-18 10:25:21'),(19,'Máy lạnh',54,'active','2026-03-18 10:25:37','2026-03-18 10:25:37'),(20,'Máy lạnh',53,'active','2026-03-18 10:25:46','2026-03-18 10:25:46'),(21,'Máy lạnh',52,'active','2026-03-18 10:25:56','2026-03-18 10:25:56'),(22,'Máy lạnh',51,'active','2026-03-18 10:26:06','2026-03-18 10:26:06'),(23,'Máy lạnh',50,'active','2026-03-18 10:26:16','2026-03-18 10:26:16'),(24,'Máy lạnh',67,'active','2026-03-18 10:26:26','2026-03-18 10:26:26'),(25,'Máy lạnh',70,'active','2026-03-18 10:26:42','2026-03-18 10:26:42'),(26,'Máy chiếu',70,'active','2026-03-18 10:26:56','2026-03-18 10:26:56'),(27,'Máy lạnh',69,'active','2026-03-18 10:27:16','2026-03-18 10:27:16'),(28,'Máy chiếu',69,'active','2026-03-18 10:27:28','2026-03-18 10:27:28'),(29,'Máy chiếu',68,'active','2026-03-18 10:27:46','2026-03-18 10:27:46'),(30,'Máy lạnh',65,'active','2026-03-18 10:28:12','2026-03-18 10:28:12'),(31,'Máy chiếu',65,'active','2026-03-18 10:28:24','2026-03-18 10:28:24'),(32,'Máy lạnh',64,'active','2026-03-18 10:28:47','2026-03-18 10:28:47'),(33,'Máy chiếu',64,'active','2026-03-18 10:28:57','2026-03-18 10:28:57'),(34,'Máy lạnh',63,'active','2026-03-18 10:29:11','2026-03-18 10:29:11'),(35,'Máy in',63,'active','2026-03-18 10:29:21','2026-03-18 10:29:21'),(36,'Máy lạnh',62,'active','2026-03-18 10:29:38','2026-03-18 10:29:38'),(37,'Máy in',62,'active','2026-03-18 10:29:49','2026-03-18 10:29:49'),(38,'Máy lạnh',49,'active','2026-03-18 10:30:24','2026-03-18 10:30:24'),(39,'Máy chiếu',49,'active','2026-03-18 10:30:36','2026-03-18 10:30:36'),(40,'Máy in',48,'active','2026-03-18 10:30:51','2026-03-18 10:30:51'),(41,'Tivi',48,'active','2026-03-18 10:31:05','2026-03-18 10:31:05'),(42,'Máy tính ',47,'active','2026-03-18 10:31:24','2026-03-18 10:31:24'),(43,'Máy lạnh',47,'active','2026-03-18 10:31:35','2026-03-18 10:31:35'),(44,'Máy lạnh',46,'active','2026-03-18 10:31:53','2026-03-18 10:31:53'),(45,'Máy lạnh',45,'active','2026-03-18 10:32:16','2026-03-18 10:32:16'),(46,'Máy in',45,'active','2026-03-18 10:32:29','2026-03-18 10:32:29'),(47,'Máy tính ',44,'active','2026-03-18 10:32:46','2026-03-18 10:32:46'),(48,'Máy chiếu',44,'active','2026-03-18 10:33:01','2026-03-18 10:33:01'),(49,'Máy lạnh',43,'active','2026-03-18 10:33:29','2026-03-18 10:33:29'),(50,'Máy in',42,'active','2026-03-18 10:33:57','2026-03-18 10:33:57'),(51,'Máy in',41,'active','2026-03-18 10:34:29','2026-03-18 10:34:29'),(52,'Máy tính ',40,'active','2026-03-18 10:34:47','2026-03-18 10:34:47'),(53,'Máy lạnh',39,'active','2026-03-18 10:35:04','2026-03-18 10:35:04'),(54,'Máy lạnh',38,'active','2026-03-18 10:35:20','2026-03-18 10:35:20'),(55,'Máy chiếu',37,'active','2026-03-18 10:35:38','2026-03-18 10:35:38'),(56,'Tivi',36,'active','2026-03-18 10:36:10','2026-03-18 10:36:10'),(57,'Tivi',35,'active','2026-03-18 10:36:28','2026-03-18 10:36:28'),(58,'Máy chiếu',34,'active','2026-03-18 10:36:43','2026-03-18 10:36:43'),(59,'Máy lạnh',32,'active','2026-03-18 10:37:10','2026-03-18 10:37:10'),(60,'Máy lạnh',31,'active','2026-03-18 10:37:25','2026-03-18 10:37:25'),(61,'Máy tính ',30,'active','2026-03-18 10:37:43','2026-03-18 10:37:43'),(62,'Máy lạnh',28,'active','2026-03-18 10:38:04','2026-03-18 10:38:04'),(63,'Máy lạnh',27,'active','2026-03-18 10:38:25','2026-03-18 10:38:25'),(64,'Máy lạnh',26,'active','2026-03-18 10:38:41','2026-03-18 10:38:41'),(65,'Máy lạnh',25,'active','2026-03-18 10:38:54','2026-03-18 10:38:54'),(66,'Máy lạnh',24,'active','2026-03-18 10:39:09','2026-03-18 10:39:09'),(67,'Máy lạnh',23,'active','2026-03-18 10:39:24','2026-03-18 10:39:24'),(68,'Tivi',22,'active','2026-03-18 10:39:40','2026-03-18 10:39:40'),(69,'Máy lạnh',21,'active','2026-03-18 10:40:01','2026-03-18 10:40:01'),(70,'Máy lạnh',20,'active','2026-03-18 10:40:19','2026-03-18 10:40:19'),(71,'Máy lạnh',19,'active','2026-03-18 10:40:34','2026-03-31 15:48:28'),(72,'Máy lạnh',18,'active','2026-03-18 10:40:47','2026-03-18 10:40:47'),(73,'Máy chiếu',17,'active','2026-03-18 10:41:02','2026-03-18 10:41:02'),(74,'Máy chiếu',16,'active','2026-03-18 10:41:17','2026-03-18 10:41:17'),(75,'Tivi',15,'active','2026-03-18 10:41:32','2026-03-18 10:41:32'),(76,'Máy chiếu',14,'active','2026-03-18 10:41:48','2026-03-18 10:41:48'),(77,'Camera',13,'active','2026-03-18 10:42:10','2026-03-18 10:42:10'),(78,'Camera',12,'active','2026-03-18 10:42:23','2026-03-18 10:42:23'),(79,'Camera',11,'active','2026-03-18 10:42:35','2026-03-18 10:42:35'),(80,'Camera',10,'active','2026-03-18 10:42:48','2026-03-18 10:42:48'),(81,'Camera',9,'active','2026-03-18 10:43:04','2026-03-18 10:43:04'),(82,'Camera',8,'active','2026-03-18 10:43:15','2026-03-18 10:43:15'),(83,'Camera',7,'active','2026-03-18 10:43:27','2026-03-18 10:43:27'),(84,'Camera',6,'active','2026-03-18 10:43:41','2026-03-18 10:43:41'),(85,'Máy lạnh',5,'active','2026-03-18 10:43:54','2026-03-18 10:43:54'),(86,'Camera',4,'active','2026-03-18 10:44:04','2026-03-18 10:44:04'),(87,'Camera',3,'under_repair','2026-03-18 10:44:16','2026-03-30 12:01:43'),(88,'Camera',2,'active','2026-03-18 10:44:27','2026-03-18 10:44:27'),(89,'Máy lạnh',1,'active','2026-03-18 10:44:38','2026-03-18 10:44:38'),(90,'Camera',1,'active','2026-03-18 10:44:45','2026-03-28 13:27:56');
/*!40000 ALTER TABLE `devices` ENABLE KEYS */;
UNLOCK TABLES;

--
-- Table structure for table `leave_balances`
--

DROP TABLE IF EXISTS `leave_balances`;
/*!40101 SET @saved_cs_client     = @@character_set_client */;
/*!50503 SET character_set_client = utf8mb4 */;
CREATE TABLE `leave_balances` (
  `id` int NOT NULL AUTO_INCREMENT,
  `user_id` int NOT NULL,
  `year` int NOT NULL,
  `total_days` int NOT NULL,
  `used_days` int DEFAULT '0',
  PRIMARY KEY (`id`),
  UNIQUE KEY `user_id` (`user_id`,`year`),
  CONSTRAINT `leave_balances_ibfk_1` FOREIGN KEY (`user_id`) REFERENCES `users` (`id`)
) ENGINE=InnoDB AUTO_INCREMENT=12 DEFAULT CHARSET=utf8mb4 COLLATE=utf8mb4_0900_ai_ci;
/*!40101 SET character_set_client = @saved_cs_client */;

--
-- Dumping data for table `leave_balances`
--

LOCK TABLES `leave_balances` WRITE;
/*!40000 ALTER TABLE `leave_balances` DISABLE KEYS */;
INSERT INTO `leave_balances` VALUES (1,1,2026,12,2),(2,7,2026,12,2),(3,8,2026,12,0),(4,9,2026,12,0),(5,6,2026,12,0),(6,5,2026,12,0),(7,4,2026,12,0),(8,168,2026,12,0),(9,167,2026,12,0),(10,162,2026,12,0),(11,119,2026,12,2);
/*!40000 ALTER TABLE `leave_balances` ENABLE KEYS */;
UNLOCK TABLES;

--
-- Table structure for table `leave_requests`
--

DROP TABLE IF EXISTS `leave_requests`;
/*!40101 SET @saved_cs_client     = @@character_set_client */;
/*!50503 SET character_set_client = utf8mb4 */;
CREATE TABLE `leave_requests` (
  `id` int NOT NULL AUTO_INCREMENT,
  `user_id` int NOT NULL,
  `leave_type_id` int NOT NULL,
  `start_date` date NOT NULL,
  `end_date` date NOT NULL,
  `total_days` int NOT NULL,
  `reason` text,
  `status` enum('pending','approved','rejected') DEFAULT 'pending',
  `approved_by` int DEFAULT NULL,
  `rejected_reason` text,
  `created_at` datetime NOT NULL,
  `updated_at` datetime NOT NULL,
  `signed_at` datetime DEFAULT NULL,
  `approver_signed_at` datetime DEFAULT NULL,
  PRIMARY KEY (`id`),
  KEY `user_id` (`user_id`),
  KEY `leave_type_id` (`leave_type_id`),
  KEY `approved_by` (`approved_by`),
  CONSTRAINT `leave_requests_ibfk_1` FOREIGN KEY (`user_id`) REFERENCES `users` (`id`),
  CONSTRAINT `leave_requests_ibfk_2` FOREIGN KEY (`leave_type_id`) REFERENCES `leave_types` (`id`),
  CONSTRAINT `leave_requests_ibfk_3` FOREIGN KEY (`approved_by`) REFERENCES `users` (`id`)
) ENGINE=InnoDB AUTO_INCREMENT=25 DEFAULT CHARSET=utf8mb4 COLLATE=utf8mb4_0900_ai_ci;
/*!40101 SET character_set_client = @saved_cs_client */;

--
-- Dumping data for table `leave_requests`
--

LOCK TABLES `leave_requests` WRITE;
/*!40000 ALTER TABLE `leave_requests` DISABLE KEYS */;
INSERT INTO `leave_requests` VALUES (8,1,1,'2026-03-09','2026-03-10',2,'test','approved',7,NULL,'2026-03-08 13:50:44','2026-03-08 13:51:35','2026-03-08 13:51:12','2026-03-08 13:51:35'),(9,1,9,'2026-03-18','2026-03-20',3,'abc','rejected',7,'test từ chối','2026-03-08 13:53:38','2026-03-08 13:58:16','2026-03-08 13:57:54','2026-03-08 13:58:16'),(10,1,4,'2026-03-20','2026-03-22',3,'abc','rejected',7,'ạdjaisdjoiasjd','2026-03-08 14:01:59','2026-03-08 14:02:35','2026-03-08 14:02:09','2026-03-08 14:02:35'),(13,10,6,'2026-03-09','2026-03-10',2,'Đám cưới','approved',4,NULL,'2026-03-09 07:49:21','2026-03-09 07:53:07','2026-03-09 07:52:22','2026-03-09 07:53:07'),(14,1,8,'2026-03-24','2026-03-25',2,'abcasdas','approved',7,NULL,'2026-03-09 18:31:15','2026-03-09 18:37:16','2026-03-09 18:36:59','2026-03-09 18:37:16'),(17,1,4,'2026-03-18','2026-03-20',3,'abc','approved',9,NULL,'2026-03-16 08:37:46','2026-03-16 08:38:31',NULL,'2026-03-16 08:38:31'),(18,1,2,'2026-03-21','2026-03-23',3,'bị bệnh','pending',NULL,NULL,'2026-03-21 12:00:34','2026-03-21 12:06:57','2026-03-21 12:06:57',NULL),(19,162,2,'2026-03-23','2026-03-25',3,'bị ốm','approved',9,NULL,'2026-03-22 15:45:31','2026-03-22 15:47:29','2026-03-22 15:46:33','2026-03-22 15:47:29'),(20,119,1,'2026-03-23','2026-03-24',2,'abcas','approved',9,NULL,'2026-03-22 15:49:28','2026-03-22 15:50:08','2026-03-22 15:49:55','2026-03-22 15:50:08'),(24,7,1,'2026-04-02','2026-04-03',2,'abc','approved',9,NULL,'2026-03-31 15:49:40','2026-03-31 15:51:35','2026-03-31 15:51:04','2026-03-31 15:51:35');
/*!40000 ALTER TABLE `leave_requests` ENABLE KEYS */;
UNLOCK TABLES;

--
-- Table structure for table `leave_types`
--

DROP TABLE IF EXISTS `leave_types`;
/*!40101 SET @saved_cs_client     = @@character_set_client */;
/*!50503 SET character_set_client = utf8mb4 */;
CREATE TABLE `leave_types` (
  `id` int NOT NULL AUTO_INCREMENT,
  `name` varchar(100) NOT NULL,
  `max_days_per_year` int DEFAULT NULL,
  PRIMARY KEY (`id`)
) ENGINE=InnoDB AUTO_INCREMENT=11 DEFAULT CHARSET=utf8mb4 COLLATE=utf8mb4_0900_ai_ci;
/*!40101 SET character_set_client = @saved_cs_client */;

--
-- Dumping data for table `leave_types`
--

LOCK TABLES `leave_types` WRITE;
/*!40000 ALTER TABLE `leave_types` DISABLE KEYS */;
INSERT INTO `leave_types` VALUES (1,'Nghỉ phép năm',12),(2,'Nghỉ ốm',30),(3,'Nghỉ thai sản',180),(4,'Nghỉ việc riêng (có lương)',3),(5,'Nghỉ việc riêng (không lương)',NULL),(6,'Nghỉ kết hôn',3),(7,'Nghỉ tang (thân nhân)',3),(8,'Nghỉ bù',NULL),(9,'Nghỉ học tập / bồi dưỡng',NULL),(10,'Nghỉ lễ / tết (bổ sung)',NULL);
/*!40000 ALTER TABLE `leave_types` ENABLE KEYS */;
UNLOCK TABLES;

--
-- Table structure for table `notifications`
--

DROP TABLE IF EXISTS `notifications`;
/*!40101 SET @saved_cs_client     = @@character_set_client */;
/*!50503 SET character_set_client = utf8mb4 */;
CREATE TABLE `notifications` (
  `id` int NOT NULL AUTO_INCREMENT,
  `user_id` int NOT NULL,
  `title` varchar(255) CHARACTER SET utf8mb4 COLLATE utf8mb4_general_ci NOT NULL,
  `message` text CHARACTER SET utf8mb4 COLLATE utf8mb4_general_ci NOT NULL,
  `type` enum('device_report','leave_request','work_order','system') CHARACTER SET utf8mb4 COLLATE utf8mb4_general_ci NOT NULL DEFAULT 'system',
  `reference_id` int DEFAULT NULL,
  `is_read` tinyint(1) NOT NULL DEFAULT '0',
  `created_at` datetime NOT NULL,
  `updated_at` datetime NOT NULL,
  PRIMARY KEY (`id`),
  KEY `user_id` (`user_id`),
  CONSTRAINT `notifications_ibfk_1` FOREIGN KEY (`user_id`) REFERENCES `users` (`id`) ON DELETE CASCADE ON UPDATE CASCADE
) ENGINE=InnoDB AUTO_INCREMENT=72 DEFAULT CHARSET=utf8mb4 COLLATE=utf8mb4_general_ci;
/*!40101 SET character_set_client = @saved_cs_client */;

--
-- Dumping data for table `notifications`
--

LOCK TABLES `notifications` WRITE;
/*!40000 ALTER TABLE `notifications` DISABLE KEYS */;
INSERT INTO `notifications` VALUES (1,8,'Báo lỗi thiết bị mới','Có báo hỏng thiết bị mới cần xử lý: Máy tính ','device_report',8,1,'2026-03-16 08:32:35','2026-03-16 08:33:07'),(2,11,'Báo lỗi thiết bị mới','Có báo hỏng thiết bị mới cần xử lý: Máy tính ','device_report',8,1,'2026-03-16 08:32:35','2026-03-18 09:19:01'),(3,1,'Thiết bị đang được xử lý','Phiếu báo hỏng thiết bị Máy tính  đã được tiếp nhận.','device_report',8,1,'2026-03-16 08:33:37','2026-03-16 08:39:03'),(4,3,'Đơn xin nghỉ phép mới','Khôi Nguyên vừa gửi một đơn xin nghỉ phép mới chờ duyệt.','leave_request',17,0,'2026-03-16 08:37:46','2026-03-16 08:37:46'),(5,4,'Đơn xin nghỉ phép mới','Khôi Nguyên vừa gửi một đơn xin nghỉ phép mới chờ duyệt.','leave_request',17,1,'2026-03-16 08:37:46','2026-03-18 09:25:12'),(6,7,'Đơn xin nghỉ phép mới','Khôi Nguyên vừa gửi một đơn xin nghỉ phép mới chờ duyệt.','leave_request',17,1,'2026-03-16 08:37:46','2026-03-18 12:06:52'),(7,9,'Đơn xin nghỉ phép mới','Khôi Nguyên vừa gửi một đơn xin nghỉ phép mới chờ duyệt.','leave_request',17,1,'2026-03-16 08:37:46','2026-03-16 08:38:08'),(8,1,'Đơn nghỉ phép đã được duyệt','Đơn xin nghỉ phép của bạn đã được Võ Đăng Khoa duyệt.','leave_request',17,1,'2026-03-16 08:38:31','2026-03-16 08:39:00'),(9,10,'Công lệnh mới được giao','Bạn vừa được giao một công lệnh mới: Dự hội nghị','work_order',6,0,'2026-03-18 08:16:03','2026-03-18 08:16:03'),(10,1,'Thiết bị đang được xử lý','Phiếu báo hỏng thiết bị Camera đã được tiếp nhận.','device_report',6,1,'2026-03-18 10:14:40','2026-03-18 13:07:03'),(11,1,'Cập nhật tình trạng sửa chữa','Tình trạng sửa chữa thiết bị Camera đã được cập nhật.','device_report',6,1,'2026-03-18 10:15:12','2026-03-18 13:06:51'),(12,8,'Báo lỗi thiết bị mới','Có báo hỏng thiết bị mới cần xử lý: Máy lạnh','device_report',9,1,'2026-03-18 10:17:47','2026-03-24 13:56:37'),(13,11,'Báo lỗi thiết bị mới','Có báo hỏng thiết bị mới cần xử lý: Máy lạnh','device_report',9,0,'2026-03-18 10:17:47','2026-03-18 10:17:47'),(14,168,'Báo lỗi thiết bị mới','Có báo hỏng thiết bị mới cần xử lý: Máy lạnh','device_report',9,0,'2026-03-18 10:17:47','2026-03-18 10:17:47'),(15,4,'Thiết bị đang được xử lý','Phiếu báo hỏng thiết bị Máy lạnh đã được tiếp nhận.','device_report',9,0,'2026-03-18 10:19:11','2026-03-18 10:19:11'),(16,4,'Cập nhật tình trạng sửa chữa','Tình trạng sửa chữa thiết bị Máy lạnh đã được cập nhật.','device_report',9,0,'2026-03-18 10:20:26','2026-03-18 10:20:26'),(17,1,'Công lệnh mới được giao','Bạn vừa được giao một công lệnh mới: Test công lệnh','work_order',7,1,'2026-03-19 07:47:01','2026-03-19 10:23:39'),(18,1,'Công lệnh mới được giao','Bạn vừa được giao một công lệnh mới: Test công lệnh 2','work_order',8,1,'2026-03-19 10:25:19','2026-03-20 08:07:03'),(19,1,'Công lệnh mới được giao','Bạn vừa được giao một công lệnh mới: Test công lệnh 3','work_order',9,1,'2026-03-19 10:35:31','2026-03-20 08:07:03'),(20,1,'Công lệnh mới được giao','Bạn vừa được giao một công lệnh mới: Test công lệnh ádjaish','work_order',10,1,'2026-03-19 13:31:58','2026-03-20 08:07:03'),(21,3,'Đơn xin nghỉ phép mới','Khôi Nguyên vừa gửi một đơn xin nghỉ phép mới chờ duyệt.','leave_request',18,0,'2026-03-21 12:00:34','2026-03-21 12:00:34'),(22,4,'Đơn xin nghỉ phép mới','Khôi Nguyên vừa gửi một đơn xin nghỉ phép mới chờ duyệt.','leave_request',18,0,'2026-03-21 12:00:34','2026-03-21 12:00:34'),(23,7,'Đơn xin nghỉ phép mới','Khôi Nguyên vừa gửi một đơn xin nghỉ phép mới chờ duyệt.','leave_request',18,1,'2026-03-21 12:00:34','2026-03-21 12:09:08'),(24,9,'Đơn xin nghỉ phép mới','Khôi Nguyên vừa gửi một đơn xin nghỉ phép mới chờ duyệt.','leave_request',18,0,'2026-03-21 12:00:34','2026-03-21 12:00:34'),(25,3,'Đơn xin nghỉ phép mới','Đoàn Thị Thanh Nga vừa gửi một đơn xin nghỉ phép mới chờ duyệt.','leave_request',19,0,'2026-03-22 15:45:31','2026-03-22 15:45:31'),(26,4,'Đơn xin nghỉ phép mới','Đoàn Thị Thanh Nga vừa gửi một đơn xin nghỉ phép mới chờ duyệt.','leave_request',19,0,'2026-03-22 15:45:31','2026-03-22 15:45:31'),(27,7,'Đơn xin nghỉ phép mới','Đoàn Thị Thanh Nga vừa gửi một đơn xin nghỉ phép mới chờ duyệt.','leave_request',19,1,'2026-03-22 15:45:31','2026-03-23 07:56:19'),(28,9,'Đơn xin nghỉ phép mới','Đoàn Thị Thanh Nga vừa gửi một đơn xin nghỉ phép mới chờ duyệt.','leave_request',19,0,'2026-03-22 15:45:31','2026-03-22 15:45:31'),(29,162,'Đơn nghỉ phép đã được duyệt','Đơn xin nghỉ phép của bạn đã được Võ Đăng Khoa duyệt.','leave_request',19,0,'2026-03-22 15:47:29','2026-03-22 15:47:29'),(30,3,'Đơn xin nghỉ phép mới','Thái Tuấn Đô vừa gửi một đơn xin nghỉ phép mới chờ duyệt.','leave_request',20,0,'2026-03-22 15:49:28','2026-03-22 15:49:28'),(31,4,'Đơn xin nghỉ phép mới','Thái Tuấn Đô vừa gửi một đơn xin nghỉ phép mới chờ duyệt.','leave_request',20,0,'2026-03-22 15:49:28','2026-03-22 15:49:28'),(32,7,'Đơn xin nghỉ phép mới','Thái Tuấn Đô vừa gửi một đơn xin nghỉ phép mới chờ duyệt.','leave_request',20,1,'2026-03-22 15:49:28','2026-03-22 16:24:42'),(33,9,'Đơn xin nghỉ phép mới','Thái Tuấn Đô vừa gửi một đơn xin nghỉ phép mới chờ duyệt.','leave_request',20,1,'2026-03-22 15:49:28','2026-03-22 15:50:02'),(34,119,'Đơn nghỉ phép đã được duyệt','Đơn xin nghỉ phép của bạn đã được Võ Đăng Khoa duyệt.','leave_request',20,0,'2026-03-22 15:50:08','2026-03-22 15:50:08'),(35,10,'Công lệnh mới được giao','Bạn vừa được giao một công lệnh mới: Test công lệnh','work_order',11,0,'2026-03-23 07:55:45','2026-03-23 07:55:45'),(36,8,'Báo lỗi thiết bị mới','Có báo hỏng thiết bị mới cần xử lý: Camera','device_report',10,0,'2026-03-28 13:39:27','2026-03-28 13:39:27'),(37,11,'Báo lỗi thiết bị mới','Có báo hỏng thiết bị mới cần xử lý: Camera','device_report',10,0,'2026-03-28 13:39:27','2026-03-28 13:39:27'),(38,168,'Báo lỗi thiết bị mới','Có báo hỏng thiết bị mới cần xử lý: Camera','device_report',10,0,'2026-03-28 13:39:27','2026-03-28 13:39:27'),(39,1,'Thiết bị đang được xử lý','Phiếu báo hỏng thiết bị Camera đã được tiếp nhận.','device_report',10,0,'2026-03-30 11:59:32','2026-03-30 11:59:32'),(40,1,'Cập nhật tình trạng sửa chữa','Tình trạng sửa chữa thiết bị Camera đã được cập nhật.','device_report',10,0,'2026-03-30 12:00:51','2026-03-30 12:00:51'),(41,3,'Đơn xin nghỉ phép mới','Khôi Nguyên vừa gửi một đơn xin nghỉ phép mới chờ duyệt.','leave_request',21,0,'2026-03-30 12:09:12','2026-03-30 12:09:12'),(42,4,'Đơn xin nghỉ phép mới','Khôi Nguyên vừa gửi một đơn xin nghỉ phép mới chờ duyệt.','leave_request',21,0,'2026-03-30 12:09:12','2026-03-30 12:09:12'),(43,7,'Đơn xin nghỉ phép mới','Khôi Nguyên vừa gửi một đơn xin nghỉ phép mới chờ duyệt.','leave_request',21,1,'2026-03-30 12:09:12','2026-03-30 12:14:33'),(44,9,'Đơn xin nghỉ phép mới','Khôi Nguyên vừa gửi một đơn xin nghỉ phép mới chờ duyệt.','leave_request',21,0,'2026-03-30 12:09:12','2026-03-30 12:09:12'),(45,3,'Đơn xin nghỉ phép mới','Khôi Nguyên vừa gửi một đơn xin nghỉ phép mới chờ duyệt.','leave_request',22,0,'2026-03-31 10:12:34','2026-03-31 10:12:34'),(46,4,'Đơn xin nghỉ phép mới','Khôi Nguyên vừa gửi một đơn xin nghỉ phép mới chờ duyệt.','leave_request',22,0,'2026-03-31 10:12:34','2026-03-31 10:12:34'),(47,7,'Đơn xin nghỉ phép mới','Khôi Nguyên vừa gửi một đơn xin nghỉ phép mới chờ duyệt.','leave_request',22,1,'2026-03-31 10:12:34','2026-03-31 14:08:05'),(48,9,'Đơn xin nghỉ phép mới','Khôi Nguyên vừa gửi một đơn xin nghỉ phép mới chờ duyệt.','leave_request',22,0,'2026-03-31 10:12:34','2026-03-31 10:12:34'),(49,3,'Đơn xin nghỉ phép mới','Khôi Nguyên vừa gửi một đơn xin nghỉ phép mới chờ duyệt.','leave_request',23,0,'2026-03-31 10:14:31','2026-03-31 10:14:31'),(50,4,'Đơn xin nghỉ phép mới','Khôi Nguyên vừa gửi một đơn xin nghỉ phép mới chờ duyệt.','leave_request',23,0,'2026-03-31 10:14:31','2026-03-31 10:14:31'),(51,7,'Đơn xin nghỉ phép mới','Khôi Nguyên vừa gửi một đơn xin nghỉ phép mới chờ duyệt.','leave_request',23,1,'2026-03-31 10:14:31','2026-03-31 14:00:05'),(52,9,'Đơn xin nghỉ phép mới','Khôi Nguyên vừa gửi một đơn xin nghỉ phép mới chờ duyệt.','leave_request',23,0,'2026-03-31 10:14:31','2026-03-31 10:14:31'),(53,5,'Công lệnh mới được giao','Bạn vừa được giao một công lệnh mới: Cử đi abc','work_order',12,0,'2026-03-31 15:34:55','2026-03-31 15:34:55'),(54,8,'Báo lỗi thiết bị mới','Có báo hỏng thiết bị mới cần xử lý: Máy lạnh','device_report',11,0,'2026-03-31 15:45:12','2026-03-31 15:45:12'),(55,11,'Báo lỗi thiết bị mới','Có báo hỏng thiết bị mới cần xử lý: Máy lạnh','device_report',11,0,'2026-03-31 15:45:12','2026-03-31 15:45:12'),(56,168,'Báo lỗi thiết bị mới','Có báo hỏng thiết bị mới cần xử lý: Máy lạnh','device_report',11,0,'2026-03-31 15:45:12','2026-03-31 15:45:12'),(57,7,'Thiết bị đang được xử lý','Phiếu báo hỏng thiết bị Máy lạnh đã được tiếp nhận.','device_report',11,1,'2026-03-31 15:46:50','2026-04-01 09:03:23'),(58,7,'Cập nhật tình trạng sửa chữa','Tình trạng sửa chữa thiết bị Máy lạnh đã được cập nhật.','device_report',11,1,'2026-03-31 15:47:53','2026-04-01 09:03:23'),(59,3,'Đơn xin nghỉ phép mới','Trầm Khôi Nguyên vừa gửi một đơn xin nghỉ phép mới chờ duyệt.','leave_request',24,0,'2026-03-31 15:49:40','2026-03-31 15:49:40'),(60,4,'Đơn xin nghỉ phép mới','Trầm Khôi Nguyên vừa gửi một đơn xin nghỉ phép mới chờ duyệt.','leave_request',24,0,'2026-03-31 15:49:40','2026-03-31 15:49:40'),(61,7,'Đơn xin nghỉ phép mới','Trầm Khôi Nguyên vừa gửi một đơn xin nghỉ phép mới chờ duyệt.','leave_request',24,1,'2026-03-31 15:49:40','2026-04-01 09:03:23'),(62,9,'Đơn xin nghỉ phép mới','Trầm Khôi Nguyên vừa gửi một đơn xin nghỉ phép mới chờ duyệt.','leave_request',24,0,'2026-03-31 15:49:40','2026-03-31 15:49:40'),(63,7,'Đơn nghỉ phép đã được duyệt','Đơn xin nghỉ phép của bạn đã được Võ Đăng Khoa duyệt.','leave_request',24,1,'2026-03-31 15:51:35','2026-04-01 09:03:23'),(64,10,'Công lệnh mới được giao','Bạn vừa được giao một công lệnh mới: Test công lệnh','work_order',13,0,'2026-04-01 08:36:36','2026-04-01 08:36:36'),(65,5,'Công lệnh mới được giao','Bạn vừa được giao một công lệnh mới: Test công lệnh','work_order',13,0,'2026-04-01 08:36:39','2026-04-01 08:36:39'),(66,1,'Công lệnh mới được giao','Bạn vừa được giao một công lệnh mới: Test công lệnh','work_order',14,0,'2026-04-01 13:03:15','2026-04-01 13:03:15'),(67,5,'Công lệnh mới được giao','Bạn vừa được giao một công lệnh mới: Test công lệnh','work_order',14,0,'2026-04-01 13:03:15','2026-04-01 13:03:15'),(68,10,'Công lệnh mới được giao','Bạn vừa được giao một công lệnh mới: Test công lệnh','work_order',14,0,'2026-04-01 13:03:15','2026-04-01 13:03:15'),(69,10,'Công lệnh mới được giao','Bạn vừa được giao một công lệnh mới: Test công lệnh','work_order',15,0,'2026-04-03 15:34:17','2026-04-03 15:34:17'),(70,5,'Công lệnh mới được giao','Bạn vừa được giao một công lệnh mới: Test công lệnh','work_order',15,0,'2026-04-03 15:34:17','2026-04-03 15:34:17'),(71,1,'Công lệnh mới được giao','Bạn vừa được giao một công lệnh mới: Test công lệnh','work_order',15,0,'2026-04-03 15:34:17','2026-04-03 15:34:17');
/*!40000 ALTER TABLE `notifications` ENABLE KEYS */;
UNLOCK TABLES;

--
-- Table structure for table `password_reset_otps`
--

DROP TABLE IF EXISTS `password_reset_otps`;
/*!40101 SET @saved_cs_client     = @@character_set_client */;
/*!50503 SET character_set_client = utf8mb4 */;
CREATE TABLE `password_reset_otps` (
  `id` int NOT NULL AUTO_INCREMENT,
  `user_id` int NOT NULL,
  `email` varchar(100) CHARACTER SET utf8mb4 COLLATE utf8mb4_general_ci NOT NULL,
  `otp` varchar(6) CHARACTER SET utf8mb4 COLLATE utf8mb4_general_ci NOT NULL,
  `expires_at` datetime NOT NULL,
  `is_used` tinyint(1) NOT NULL DEFAULT '0',
  `created_at` datetime NOT NULL,
  `updated_at` datetime NOT NULL,
  PRIMARY KEY (`id`),
  KEY `user_id` (`user_id`),
  CONSTRAINT `password_reset_otps_ibfk_1` FOREIGN KEY (`user_id`) REFERENCES `users` (`id`) ON DELETE CASCADE ON UPDATE CASCADE
) ENGINE=InnoDB AUTO_INCREMENT=5 DEFAULT CHARSET=utf8mb4 COLLATE=utf8mb4_general_ci;
/*!40101 SET character_set_client = @saved_cs_client */;

--
-- Dumping data for table `password_reset_otps`
--

LOCK TABLES `password_reset_otps` WRITE;
/*!40000 ALTER TABLE `password_reset_otps` DISABLE KEYS */;
INSERT INTO `password_reset_otps` VALUES (1,1,'tramkhoinguyen27122@gmail.com','849009','2026-03-04 10:24:55',1,'2026-03-04 10:19:55','2026-03-04 10:20:36'),(2,1,'tramkhoinguyen27122@gmail.com','807263','2026-04-01 13:04:34',1,'2026-04-01 12:59:34','2026-04-01 12:59:40'),(3,1,'tramkhoinguyen27122@gmail.com','486681','2026-04-01 13:04:40',1,'2026-04-01 12:59:40','2026-04-01 13:00:51'),(4,1,'tramkhoinguyen27122@gmail.com','782770','2026-04-01 13:05:51',1,'2026-04-01 13:00:51','2026-04-01 13:01:43');
/*!40000 ALTER TABLE `password_reset_otps` ENABLE KEYS */;
UNLOCK TABLES;

--
-- Table structure for table `rooms`
--

DROP TABLE IF EXISTS `rooms`;
/*!40101 SET @saved_cs_client     = @@character_set_client */;
/*!50503 SET character_set_client = utf8mb4 */;
CREATE TABLE `rooms` (
  `id` int NOT NULL AUTO_INCREMENT,
  `building_id` int NOT NULL,
  `name` varchar(50) NOT NULL,
  PRIMARY KEY (`id`),
  KEY `building_id` (`building_id`),
  KEY `rooms_building_id` (`building_id`),
  CONSTRAINT `rooms_ibfk_1` FOREIGN KEY (`building_id`) REFERENCES `buildings` (`id`)
) ENGINE=InnoDB AUTO_INCREMENT=71 DEFAULT CHARSET=utf8mb4 COLLATE=utf8mb4_0900_ai_ci;
/*!40101 SET character_set_client = @saved_cs_client */;

--
-- Dumping data for table `rooms`
--

LOCK TABLES `rooms` WRITE;
/*!40000 ALTER TABLE `rooms` DISABLE KEYS */;
INSERT INTO `rooms` VALUES (1,1,'A24.407'),(2,1,'A24.406'),(3,1,'A24.405'),(4,1,'A24.404'),(5,1,'A24.403'),(6,1,'A24.402'),(7,1,'A24.401'),(8,1,'A24.307'),(9,1,'A24.306'),(10,1,'A24.305'),(11,1,'A24.304'),(12,1,'A24.303'),(13,1,'A24.302'),(14,1,'A24.301'),(15,1,'A24.207'),(16,1,'A24.206'),(17,1,'A24.205'),(18,1,'A24.204'),(19,1,'A24.203'),(20,1,'A24.202'),(21,1,'A24.201'),(22,1,'A24.107'),(23,1,'A24.106'),(24,1,'A24.105'),(25,1,'A24.104'),(26,1,'A24.103'),(27,1,'A24.102'),(28,1,'A24.101'),(29,2,'C14.401'),(30,2,'C14.301'),(31,2,'C14.302'),(32,2,'C14.201'),(33,2,'C14.202'),(34,2,'C14.101'),(35,2,'C14.402'),(36,2,'C14.403'),(37,2,'C14.404'),(38,2,'C14.405'),(39,2,'C14.303'),(40,2,'C14.304'),(41,2,'C14.305'),(42,2,'C14.306'),(43,2,'C14.203'),(44,2,'C14.204'),(45,2,'C14.205'),(46,2,'C14.206'),(47,2,'C14.102'),(48,2,'C14.103'),(49,2,'C14.104'),(50,3,'Lớp 2C'),(51,3,'Lớp 2D'),(52,3,'Lớp 3A'),(53,3,'Lớp 3B'),(54,3,'Lớp 3C'),(55,3,'Lớp 3D'),(56,3,'Lớp 1A'),(57,3,'Lớp 1B'),(58,3,'Lớp 1C'),(59,3,'Lớp 1D'),(60,3,'Lớp 2A'),(61,3,'Lớp 2B'),(62,4,'A74.103'),(63,4,'A74.105'),(64,4,'A74.102'),(65,4,'A74.101'),(66,4,'A74.203'),(67,4,'A74.204'),(68,4,'A74.202'),(69,4,'A74.201'),(70,1,'A21.022');
/*!40000 ALTER TABLE `rooms` ENABLE KEYS */;
UNLOCK TABLES;

--
-- Table structure for table `sequelize_migrations`
--

DROP TABLE IF EXISTS `sequelize_migrations`;
/*!40101 SET @saved_cs_client     = @@character_set_client */;
/*!50503 SET character_set_client = utf8mb4 */;
CREATE TABLE `sequelize_migrations` (
  `name` varchar(255) CHARACTER SET utf8mb3 COLLATE utf8mb3_unicode_ci NOT NULL,
  PRIMARY KEY (`name`),
  UNIQUE KEY `name` (`name`)
) ENGINE=InnoDB DEFAULT CHARSET=utf8mb3 COLLATE=utf8mb3_unicode_ci;
/*!40101 SET character_set_client = @saved_cs_client */;

--
-- Dumping data for table `sequelize_migrations`
--

LOCK TABLES `sequelize_migrations` WRITE;
/*!40000 ALTER TABLE `sequelize_migrations` DISABLE KEYS */;
INSERT INTO `sequelize_migrations` VALUES ('20260304-fix-duplicate-indexes.js'),('20260306-create-facility-tables.js'),('20260308-add-approver-signed-at.js'),('20260308-add-signed-at-to-leave-requests.js'),('20260312-update-staff-status-enum.js');
/*!40000 ALTER TABLE `sequelize_migrations` ENABLE KEYS */;
UNLOCK TABLES;

--
-- Table structure for table `signature_configs`
--

DROP TABLE IF EXISTS `signature_configs`;
/*!40101 SET @saved_cs_client     = @@character_set_client */;
/*!50503 SET character_set_client = utf8mb4 */;
CREATE TABLE `signature_configs` (
  `id` int NOT NULL AUTO_INCREMENT,
  `user_id` int NOT NULL,
  `signature_image` varchar(255) DEFAULT NULL,
  `pin_hash` varchar(255) DEFAULT NULL,
  `created_at` datetime NOT NULL DEFAULT CURRENT_TIMESTAMP,
  `updated_at` datetime NOT NULL DEFAULT CURRENT_TIMESTAMP ON UPDATE CURRENT_TIMESTAMP,
  PRIMARY KEY (`id`),
  UNIQUE KEY `user_id` (`user_id`),
  CONSTRAINT `signature_configs_ibfk_1` FOREIGN KEY (`user_id`) REFERENCES `users` (`id`) ON DELETE CASCADE
) ENGINE=InnoDB AUTO_INCREMENT=11 DEFAULT CHARSET=utf8mb4 COLLATE=utf8mb4_0900_ai_ci;
/*!40101 SET character_set_client = @saved_cs_client */;

--
-- Dumping data for table `signature_configs`
--

LOCK TABLES `signature_configs` WRITE;
/*!40000 ALTER TABLE `signature_configs` DISABLE KEYS */;
INSERT INTO `signature_configs` VALUES (3,7,'/uploads/signatures/signature-7-1775027298597.png','$2b$10$HYFdiUE4SANMCCn/dNeiVudnlqubXCvq6f.z8WqFLbPDYdvCjSzTa','2026-03-08 10:05:57','2026-04-01 14:08:18'),(4,1,'/uploads/signatures/signature-1-1772939237355.png','$2b$10$zjaLAYs.0Y/L3IEq4eWNLeouCL0VlgG2twFdt33z7aRt5YDnDfF4a','2026-03-08 10:07:17','2026-03-08 10:07:17'),(5,4,'/uploads/signatures/signature-4-1773017078967.png','$2b$10$IUpU9oNd.oZtXLBwpyYnyO90jP8hJiK8np.ioXr0Fx6PXX9M1Vd.i','2026-03-09 07:44:38','2026-03-09 07:44:39'),(6,10,'/uploads/signatures/signature-10-1773017530444.png','$2b$10$1Y8.MScz8ip6SgMjfBac5uIgujNqOnXLXGRjYgPIMw0frIChafeB.','2026-03-09 07:52:10','2026-03-09 07:52:10'),(7,9,'/uploads/signatures/signature-9-1773211129752.png','$2b$10$0hYeTt3oSGGYof6E7QELPeThuQHjDGXtN32UUx8G0ZNsSrouPlv0W','2026-03-11 13:38:49','2026-03-11 13:38:49'),(8,168,'/uploads/signatures/signature-168-1773803649520.png','$2b$10$x9c3i5muHkyQifZAw.W7YOpA7X6yJUyHu7iUWt5H1GypEkpSedYo6','2026-03-18 10:14:09','2026-03-18 10:14:09'),(9,162,'/uploads/signatures/signature-162-1774169185257.png','$2b$10$jqQXyFyKDrSxKZuYmSN3VeEZOhqa2SUitN/2hcExulA0jSzc5MHnS','2026-03-22 15:46:25','2026-03-22 15:46:25'),(10,119,'/uploads/signatures/signature-119-1774169388904.png','$2b$10$4UeAXAiEKoFKhY7VGmnYxu4RpUiigdP/ESp58BAqr4vri5JFxkr8.','2026-03-22 15:49:48','2026-03-22 15:49:48');
/*!40000 ALTER TABLE `signature_configs` ENABLE KEYS */;
UNLOCK TABLES;

--
-- Table structure for table `staff_addresses`
--

DROP TABLE IF EXISTS `staff_addresses`;
/*!40101 SET @saved_cs_client     = @@character_set_client */;
/*!50503 SET character_set_client = utf8mb4 */;
CREATE TABLE `staff_addresses` (
  `id` int NOT NULL AUTO_INCREMENT,
  `staff_profile_id` int NOT NULL,
  `address_type` enum('contact','hometown') NOT NULL,
  `province` varchar(100) DEFAULT NULL,
  `ward` varchar(100) DEFAULT NULL,
  `hamlet` varchar(100) DEFAULT NULL,
  `detail_address` varchar(255) DEFAULT NULL,
  `phone` varchar(20) DEFAULT NULL,
  PRIMARY KEY (`id`),
  KEY `staff_profile_id` (`staff_profile_id`),
  CONSTRAINT `staff_addresses_ibfk_1` FOREIGN KEY (`staff_profile_id`) REFERENCES `staff_profiles` (`id`) ON DELETE CASCADE
) ENGINE=InnoDB AUTO_INCREMENT=340 DEFAULT CHARSET=utf8mb4 COLLATE=utf8mb4_0900_ai_ci;
/*!40101 SET character_set_client = @saved_cs_client */;

--
-- Dumping data for table `staff_addresses`
--

LOCK TABLES `staff_addresses` WRITE;
/*!40000 ALTER TABLE `staff_addresses` DISABLE KEYS */;
INSERT INTO `staff_addresses` VALUES (41,16,'contact','','','','Trà Vinh','0987589249'),(42,16,'hometown','','','','',NULL),(107,5,'contact','Tỉnh Vĩnh Long','Phường Trà Vinh',NULL,'Khóm 9','0904789498'),(108,6,'contact','Tỉnh Vĩnh Long','Xã Hưng Mỹ',NULL,'Ấp Hòa Hảo','0982454710'),(109,7,'contact','Tỉnh Vĩnh Long','Xã Nhị Long',NULL,NULL,'0904542520'),(110,8,'contact','Tỉnh Vĩnh Long','Phường Hòa Thuận',NULL,NULL,'0914880571'),(111,9,'contact','Tỉnh Vĩnh Long','Phường Nguyệt Hóa',NULL,'37','0909207380'),(112,10,'contact','Tỉnh Vĩnh Long','Xã Quới An',NULL,'Quang Bình','0944087766'),(113,11,'contact','Tỉnh Vĩnh Long','Xã Bình Phú',NULL,'Nguyệt trường','0939902502'),(114,12,'contact','Tỉnh Vĩnh Long','Xã Song Lộc',NULL,NULL,'0814688629'),(115,13,'contact','Tỉnh Vĩnh Long','Xã Hiệp Mỹ',NULL,NULL,'0983669655'),(116,14,'contact','Tỉnh Vĩnh Long','Xã Ngũ Lạc',NULL,NULL,'0972462627'),(117,15,'contact','Tỉnh Vĩnh Long','Xã Châu Thành',NULL,'82-Quốc lộ  54','0947235791'),(118,20,'contact','Tỉnh Vĩnh Long','Xã Hưng Mỹ',NULL,NULL,'0983639025'),(120,22,'contact','Tỉnh Vĩnh Long','Xã Hùng Hòa',NULL,'Ấp Kinh','0374233663'),(121,19,'contact','Tỉnh Vĩnh Long','Xã Cầu Kè',NULL,'Ấp Trà Kháo','0834653700'),(122,23,'contact','Tỉnh Vĩnh Long','Xã Tập Sơn',NULL,'Ấp Chợ','0982424372'),(123,24,'contact','Tỉnh Vĩnh Long','Xã Hòa Minh',NULL,'Việt Nam','0984698234'),(124,25,'contact','Tỉnh Vĩnh Long','Xã Bình Phú',NULL,'Phương Thạnh','0985951617'),(125,26,'contact','Tỉnh Vĩnh Long','Xã Long Thành',NULL,NULL,'0974230684'),(126,27,'contact','Tỉnh Vĩnh Long','Xã Châu Thành',NULL,'Khóm 4','0982392315'),(127,28,'contact','Tỉnh Vĩnh Long',NULL,NULL,'Sóc Tre','0383939191'),(128,29,'contact','Tỉnh Vĩnh Long',NULL,NULL,'Xã Long Hiệp','0356199652'),(129,30,'contact','Tỉnh Vĩnh Long',NULL,NULL,NULL,'0369979134'),(130,31,'contact','Tỉnh Vĩnh Long','Phường Trà Vinh',NULL,'Khóm 14','0945882629'),(131,32,'contact','Tỉnh Vĩnh Long','Xã Hiệp Mỹ',NULL,NULL,'0986848560'),(132,33,'contact','Tỉnh Vĩnh Long','Xã Phú Túc',NULL,'37 Mậu Thân Khóm 4','0939325851'),(133,34,'contact','Tỉnh Vĩnh Long','Xã An Trường',NULL,'Âp 7','0387656764'),(134,35,'contact','Tỉnh Vĩnh Long','Xã Châu Thành',NULL,NULL,'0793921909'),(135,36,'contact','Tỉnh Vĩnh Long','Xã Hiệp Mỹ',NULL,'Giồng Dài','0384898057'),(136,37,'contact','Tỉnh Thanh Hóa','Xã Thọ Phú',NULL,'Thôn 4','0356011355'),(137,38,'contact','Tỉnh Vĩnh Long','Xã Nhị Long',NULL,'Trà Gút','0348145232'),(138,39,'contact','Tỉnh Vĩnh Long','Xã An Phú Tân',NULL,'Ấp An Trại','0939305266'),(139,40,'contact','Tỉnh Vĩnh Long','Xã Tập Ngãi',NULL,'Ấp Lê Văn Quới','0353342324'),(140,41,'contact','Tỉnh Vĩnh Long','Xã Châu Thành',NULL,NULL,'0775535118'),(141,42,'contact','Tỉnh Vĩnh Long','Xã Bình Phú',NULL,'Ấp Phú Đức','0986546318'),(142,43,'contact','Tỉnh Vĩnh Long','Phường Duyên Hải',NULL,'Ấp Láng Cháo','0774831797'),(143,44,'contact','Tỉnh Vĩnh Long','Xã Tân Hòa',NULL,'Ấp Định Hòa','0359169010'),(144,45,'contact','Tỉnh Vĩnh Long','Xã Trà Cú',NULL,'Ấp Thanh Xuyên','0786905454'),(146,47,'contact','Tỉnh Vĩnh Long','Xã Bình Phú',NULL,'Phú Đức','0384535666'),(147,48,'contact','Tỉnh Vĩnh Long','Xã Tập Ngãi',NULL,'Ô Đùng','0392909894'),(148,49,'contact','Thành phố Cần Thơ','Xã Cù Lao Dung',NULL,'Ấp Sơn Ton','0399581482'),(149,50,'contact','Tỉnh Vĩnh Long','Xã Châu Thành',NULL,'Thanh Nguyên A','0979604261'),(150,51,'contact','Tỉnh Vĩnh Long','Xã Hiếu Thành',NULL,'Hiếu Thọ','0382610951'),(151,52,'contact','Tỉnh Vĩnh Long','Xã Tam Ngãi',NULL,'Rạch Nghệ','0379132563'),(152,53,'contact','Tỉnh Vĩnh Long','Xã Càng Long',NULL,NULL,'0986153821'),(153,54,'contact','Tỉnh Vĩnh Long','Xã Châu Thành',NULL,'Ấp Cây Dương','0345601854'),(154,55,'contact','Tỉnh Vĩnh Long','Xã Trung Thành',NULL,'An Thành Đông','0986129446'),(155,56,'contact','Tỉnh Vĩnh Long','Xã Tân An',NULL,NULL,'0983946065'),(156,57,'contact','Tỉnh Vĩnh Long','Xã Mỹ Cẩm',NULL,'Ấp Số 4','0358025039'),(157,58,'contact','Tỉnh Vĩnh Long','Xã Nhị Long',NULL,'Ấp Dừa Đỏ 1','0352979720'),(158,59,'contact','Tỉnh Vĩnh Long','Phường Trà Vinh',NULL,'Khóm 1','0909273129'),(159,60,'contact','Tỉnh Vĩnh Long','Xã Nhị Long',NULL,'Ấp Long Hòa','0356199880'),(160,61,'contact','Tỉnh Vĩnh Long','Xã Hưng Mỹ',NULL,NULL,'0917945229'),(161,62,'contact','Tỉnh Vĩnh Long','Phường Long Đức',NULL,'Ấp Vĩnh Hội','0393877609'),(162,63,'contact','Tỉnh An Giang','Xã Phú Lâm',NULL,'Ấp Phú Lợi','0842593113'),(163,64,'contact','Tỉnh Vĩnh Long','Xã Song Lộc',NULL,'ấp Đai Tèn','0984623646'),(164,65,'contact','Tỉnh Vĩnh Long','Phường Nguyệt Hóa',NULL,'ấp Bến Có','0907071907'),(165,66,'contact','Tỉnh Vĩnh Long','Xã Bình Phú',NULL,NULL,'0985110990'),(166,67,'contact','Tỉnh Vĩnh Long','Xã Hùng Hòa',NULL,'Ấp Ngãi Thuận','0356305128'),(167,68,'contact','Tỉnh Vĩnh Long','Xã Càng Long',NULL,NULL,'0975759900'),(168,69,'contact','Tỉnh Hưng Yên','Xã Tiên Tiến',NULL,NULL,'0365169021'),(169,70,'contact','Tỉnh Vĩnh Long','Xã Trung Hiệp',NULL,'Ấp 4','0327366189'),(170,71,'contact','Tỉnh Vĩnh Long','Xã Càng Long',NULL,'ấp Thái Bình','0777885855'),(171,72,'contact','Tỉnh Vĩnh Long','Xã Nhị Long',NULL,NULL,'0344881762'),(172,73,'contact','Tỉnh Vĩnh Long','Xã Hiếu Thành',NULL,NULL,'0932841887'),(173,74,'contact','Tỉnh Vĩnh Long','Xã Châu Thành',NULL,'Ấp Thanh Nguyên A','0986339349'),(174,75,'contact','Tỉnh Vĩnh Long','Xã Càng Long',NULL,'Ấp số 2','0939062769'),(175,76,'contact','Tỉnh Vĩnh Long','Xã Càng Long',NULL,'Khóm 1','0834098916'),(176,77,'contact','Tỉnh Vĩnh Long','Xã Vinh Kim',NULL,'Ấp Giồng Lớn','0939298733'),(177,78,'contact','Tỉnh Vĩnh Long','Xã Hòa Minh',NULL,NULL,'0388187182'),(179,80,'contact','Tỉnh Vĩnh Long','Xã Châu Thành',NULL,'Ấp Ô Tre Lớn','0373928970'),(180,81,'contact','Tỉnh Vĩnh Long','Xã Vinh Kim',NULL,'Ấp Mai Hương','0377554000'),(181,82,'contact','Tỉnh Vĩnh Long','Xã Hòa Minh',NULL,'Ấp Thông Lưu','0366937178'),(182,83,'contact','Tỉnh Vĩnh Long','Phường Nguyệt Hóa',NULL,'322, Kiên Thị Nhẫn','0383888064'),(183,84,'contact','Tỉnh Vĩnh Long','Xã Châu Thành',NULL,'Phú Nhiêu','0354681535'),(184,85,'contact','Tỉnh Vĩnh Long','Phường Hòa Thuận',NULL,'Ấp Vĩnh Trường','0931071954'),(185,86,'contact','Tỉnh Đồng Tháp','Xã Tân Khánh Trung',NULL,NULL,'0399847960'),(186,87,'contact','Tỉnh Vĩnh Long','Xã Nhị Long',NULL,NULL,'0383561578'),(187,88,'contact','Tỉnh Vĩnh Long','Phường Nguyệt Hóa',NULL,'Phường Trà Vinh','0969401510'),(188,79,'contact','Vĩnh Long','Xã Vinh Kim',NULL,NULL,NULL),(189,89,'contact','Tỉnh Vĩnh Long','Xã Hiếu Thành',NULL,'Ấp Hiếu Xuân Đông','0356977570'),(190,90,'contact','Tỉnh Vĩnh Long','Xã Bình Phú',NULL,NULL,'0985149454'),(192,92,'contact','Tỉnh Vĩnh Long','Xã Càng Long',NULL,NULL,'0939619199'),(193,93,'contact','Thành phố Hồ Chí Minh','Phường Bình Lợi Trung',NULL,'Lê Quang Định','0908922148'),(194,94,'contact','Tỉnh Vĩnh Long','Xã Song Lộc',NULL,'Ấp Hòa Lạc C','0399895353'),(195,95,'contact','Tỉnh Vĩnh Long','Phường Trà Vinh',NULL,'Khóm 3','0389954732'),(196,96,'contact','Tỉnh Vĩnh Long','Xã Càng Long',NULL,'Ấp số 3','0369979094'),(197,97,'contact','Tỉnh Vĩnh Long','Xã Nhị Long',NULL,'Long Hòa','0354819282'),(199,99,'contact','Vĩnh Long','Trà Vinh',NULL,'Khóm 1','0334866563'),(200,100,'contact','Tỉnh Vĩnh Long','Xã An Trường',NULL,'Thanh Bình','0948504977'),(201,101,'contact','Tỉnh Vĩnh Long','Xã An Trường',NULL,NULL,'0824155010'),(202,102,'contact','Tỉnh Vĩnh Long','Xã Hiếu Thành',NULL,NULL,'0933141445'),(204,104,'contact','Tỉnh Vĩnh Long','Phường Trà Vinh',NULL,NULL,'0329177286'),(205,105,'contact','Tỉnh Vĩnh Long','Xã Tiểu Cần',NULL,'Khóm 6','0969443104'),(206,106,'contact','Thành phố Cần Thơ','Xã Xà Phiên',NULL,NULL,'0939049772'),(207,107,'contact','Tỉnh Vĩnh Long','Xã Tiểu Cần',NULL,NULL,'0941860451'),(208,108,'contact','Tỉnh Vĩnh Long','Xã Cầu Kè',NULL,'Giồng Dầu','0394800187'),(209,109,'contact','Tỉnh Vĩnh Long','Phường Trà Vinh',NULL,'Khóm 4','0976946507'),(210,110,'contact','Tỉnh Vĩnh Long','Xã Tiểu Cần',NULL,'Ấp Tân Trung Giồng A','0392888221'),(211,111,'contact','Tỉnh Vĩnh Long','Xã An Trường',NULL,NULL,'0367171114'),(212,112,'contact','Tỉnh Vĩnh Long','Xã Phong Thạnh',NULL,'ấp Cây Gòn','0357039910'),(213,113,'contact','Tỉnh Vĩnh Long','Xã Phong Thạnh',NULL,NULL,'0364475153'),(214,114,'contact','Tỉnh Vĩnh Long','Phường Trà Vinh',NULL,'Khóm 14- Đường Đồng Khởi','0919404772'),(215,115,'contact','Tỉnh Hà Tĩnh','Xã Sơn Tiến',NULL,NULL,'0392816814'),(216,116,'contact','Tỉnh Vĩnh Long','Xã An Trường',NULL,NULL,'0975527976'),(217,117,'contact','Tỉnh Vĩnh Long','Phường Nguyệt Hóa',NULL,'Số 129A, Khóm 1','0919769347'),(218,118,'contact','Tỉnh Vĩnh Long','Xã Long Hòa',NULL,'Ấp Rạch Sâu','0353843801'),(219,119,'contact','Tỉnh Vĩnh Long','Xã Hiệp Mỹ',NULL,'Ấp Cái Già','0984557429'),(220,120,'contact','Tỉnh Vĩnh Long','Xã An Bình',NULL,NULL,'0786863882'),(221,121,'contact','Tỉnh Vĩnh Long','Xã Tiểu Cần',NULL,NULL,'0914401445'),(222,122,'contact','Tỉnh Vĩnh Long',NULL,NULL,'phường Long Đức','0968086283'),(223,123,'contact','Tỉnh Vĩnh Long','Phường Long Đức',NULL,'Long Bình','0989788777'),(224,124,'contact','Tỉnh Vĩnh Long','Xã An Trường',NULL,'Ấp 6A','0386801525'),(225,125,'contact','Tỉnh Vĩnh Long','Xã Tân Thủy',NULL,'Khu phố An Lợi','0918439205'),(226,126,'contact','Tỉnh Vĩnh Long','Phường Long Đức',NULL,'Ấp Long Bình','0382012730'),(227,127,'contact','Tỉnh Vĩnh Long','Xã Châu Thành',NULL,NULL,'0907168919'),(228,128,'contact','Tỉnh Vĩnh Long','Xã Nhị Trường',NULL,'Ấp Chông Văn','0973379736'),(229,129,'contact','Tỉnh Vĩnh Long',NULL,NULL,'Số 109 Đồng Khởi','0907506869'),(230,130,'contact','Tỉnh Vĩnh Long','Xã An Trường',NULL,'ấp Trung Thiên','0352025225'),(231,131,'contact','Tỉnh Vĩnh Long','Xã Song Lộc',NULL,'Ấp Sam Bua','0966058207'),(232,132,'contact','Tỉnh Vĩnh Long','Phường Long Châu',NULL,NULL,'0939098336'),(233,133,'contact','Tỉnh Vĩnh Long','Xã Song Lộc',NULL,'Ấp Sâm Bua','0907995425'),(234,134,'contact','Tỉnh An Giang','Xã Tri Tôn',NULL,NULL,'0988800245'),(235,135,'contact','Tỉnh Vĩnh Long','Xã Hiệp Mỹ',NULL,'Ấp Tân Lập','0359168896'),(236,136,'contact','Tỉnh Vĩnh Long','Xã An Trường',NULL,'Ấp 4A','0377205680'),(237,137,'contact','Tỉnh Vĩnh Long','Xã Hùng Hòa',NULL,'Ấp Trà Mềm','0962219753'),(238,138,'contact','Tỉnh Vĩnh Long','Xã Hòa Minh',NULL,'Ấp Đại Thôn B','0363007488'),(239,139,'contact','Tỉnh Vĩnh Long','Xã Long Hòa',NULL,'Ấp Hai Thủ','0945284611'),(240,140,'contact','Tỉnh Vĩnh Long','Xã Hưng Mỹ',NULL,NULL,'0909843010'),(241,141,'contact','Tỉnh Vĩnh Long','Xã Long Hòa',NULL,'Ấp Thôn Vạn','0368190003'),(242,142,'contact','Tỉnh Vĩnh Long','Phường Nguyệt Hóa',NULL,'Ấp Sóc Thát','0867857219'),(243,143,'contact','Tỉnh Vĩnh Long','Phường Nguyệt Hóa',NULL,'Sóc Thác','0977955021'),(245,145,'contact','Tỉnh Vĩnh Long','Phường Long Đức',NULL,'Ấp Vĩnh Hội','0392756996'),(246,146,'contact','Tỉnh Vĩnh Long','Xã Hòa Minh',NULL,'Ấp Ông Yển','0987063111'),(247,147,'contact','Tỉnh Vĩnh Long','Xã Long Thành',NULL,'Xã Long Thành','0833368577'),(248,148,'contact','Tỉnh Vĩnh Long','Phường Trà Vinh',NULL,'Khóm Sa Bình','0364360035'),(249,149,'contact','Tỉnh Vĩnh Long','Xã Nhị Long',NULL,'Ấp Long Hòa','0982577783'),(250,150,'contact','Tỉnh Vĩnh Long','Xã Hiệp Mỹ',NULL,NULL,'0919482388'),(251,151,'contact','Tỉnh Vĩnh Long','Xã Phong Thạnh',NULL,NULL,'0989862724'),(252,152,'contact','Tỉnh Vĩnh Long','Xã An Trường',NULL,'Ấp 8','0367645867'),(253,153,'contact','Tỉnh Vĩnh Long','Phường Nguyệt Hóa',NULL,'khóm 2','0398234439'),(254,154,'contact','Tỉnh Vĩnh Long','Xã Hiệp Mỹ',NULL,NULL,'0347468867'),(255,155,'contact','Tỉnh Vĩnh Long','Xã Hiệp Mỹ',NULL,'La Bang','0945500156'),(256,156,'contact','Tỉnh Vĩnh Long','Xã Càng Long',NULL,'Ấp Số 1','0376990331'),(257,157,'contact','Tỉnh Vĩnh Long','Xã Hưng Mỹ',NULL,'Trì Phong','0966353933'),(258,21,'contact','Tỉnh Vĩnh Long','Xã Vinh Kim',NULL,'Ấp Giữa','0973983428'),(259,21,'hometown',NULL,NULL,NULL,NULL,NULL),(260,46,'contact','Tỉnh Vĩnh Long','Phường Hòa Thuận',NULL,NULL,'0375825846'),(261,46,'hometown',NULL,NULL,NULL,NULL,NULL),(262,144,'contact','Tỉnh Vĩnh Long','Phường Long Đức',NULL,'Khóm Vĩnh Hội','0368733384'),(263,144,'hometown',NULL,NULL,NULL,NULL,NULL),(264,158,'contact',NULL,NULL,NULL,NULL,NULL),(265,158,'hometown',NULL,NULL,NULL,NULL,NULL),(266,103,'contact','Tỉnh Vĩnh Long',NULL,NULL,NULL,NULL),(267,103,'hometown',NULL,NULL,NULL,NULL,NULL),(268,98,'contact','Tỉnh Vĩnh Long',NULL,NULL,NULL,NULL),(269,98,'hometown',NULL,NULL,NULL,NULL,NULL),(270,91,'contact','Tỉnh Vĩnh Long',NULL,NULL,NULL,NULL),(271,91,'hometown',NULL,NULL,NULL,NULL,NULL),(276,159,'contact','Vĩnh Long','Hoà Thuận','Bích Trì','165/12','0969953014'),(277,159,'hometown',NULL,NULL,NULL,NULL,NULL),(304,18,'contact','Vĩnh Long','Tập Sơn','Phước Hưng',NULL,'0987769862'),(305,18,'hometown','Vĩnh Long','Tập Sơn','Phước Hưng',NULL,NULL),(306,17,'contact',NULL,NULL,NULL,NULL,NULL),(307,17,'hometown',NULL,NULL,NULL,NULL,NULL),(338,1,'contact','Trà Vinh','Phước Hưng',NULL,'Ấp Chợ, xã Phước Hưng, huyện Trà Cú, tỉnh Trà Vinh','0987769860'),(339,1,'hometown','Trà Vinh','Phước Hưng',NULL,NULL,NULL);
/*!40000 ALTER TABLE `staff_addresses` ENABLE KEYS */;
UNLOCK TABLES;

--
-- Table structure for table `staff_bank_accounts`
--

DROP TABLE IF EXISTS `staff_bank_accounts`;
/*!40101 SET @saved_cs_client     = @@character_set_client */;
/*!50503 SET character_set_client = utf8mb4 */;
CREATE TABLE `staff_bank_accounts` (
  `id` int NOT NULL AUTO_INCREMENT,
  `staff_profile_id` int NOT NULL,
  `bank_name` varchar(255) DEFAULT NULL,
  `branch` varchar(255) DEFAULT NULL,
  `account_number` varchar(50) DEFAULT NULL,
  PRIMARY KEY (`id`),
  KEY `staff_profile_id` (`staff_profile_id`),
  CONSTRAINT `staff_bank_accounts_ibfk_1` FOREIGN KEY (`staff_profile_id`) REFERENCES `staff_profiles` (`id`) ON DELETE CASCADE
) ENGINE=InnoDB AUTO_INCREMENT=184 DEFAULT CHARSET=utf8mb4 COLLATE=utf8mb4_0900_ai_ci;
/*!40101 SET character_set_client = @saved_cs_client */;

--
-- Dumping data for table `staff_bank_accounts`
--

LOCK TABLES `staff_bank_accounts` WRITE;
/*!40000 ALTER TABLE `staff_bank_accounts` DISABLE KEYS */;
INSERT INTO `staff_bank_accounts` VALUES (37,5,'VIETINBANK','Trà Vinh','100866796183'),(38,6,'ARIBANK','NHNo TP Trà Vinh','7406215020876'),(39,7,'BIDV','BIDV TRA VINH','7350109019'),(40,9,'BIDV','BIDV TRA VINH','7350119346'),(41,10,'VIETINBANK','Trà Vinh','100866796195'),(42,11,'BIDV','BIDV TRA VINH','7350119267'),(43,12,'VIETINBANK','Trà Vinh','100867828127'),(44,13,'BIDV','BIDV TRA VINH','7350608534'),(45,15,'BIDV','BIDV TRA VINH','7350757597'),(46,22,'VIETINBANK','Trà Vinh','106866796205'),(47,19,'BIDV','BIDV TRA VINH','7350251673'),(48,25,'ARIBANK','NHNo TP Trà Vinh','7406215020926'),(49,26,'BIDV','BIDV TRA VINH','7350119337'),(50,27,'BIDV','BIDV TRA VINH','7350119179'),(51,28,'BIDV','BIDV TRA VINH','7350119203'),(52,29,'BIDV','BIDV TRA VINH','7350119407'),(53,30,'BIDV','BIDV TRA VINH','7350797821'),(54,31,'VIETINBANK','Trà Vinh','105001293991'),(55,32,'VIETINBANK','Trà Vinh','108866810605'),(56,34,'BIDV','BIDV TRA VINH','7350119221'),(57,36,'VIETINBANK','Trà Vinh','104866796210'),(58,37,'BIDV','BIDV TRA VINH','7350476768'),(59,38,'VIETINBANK','Trà Vinh','101866810602'),(60,39,'BIDV','BIDV TRA VINH','7350550343'),(61,40,'BIDV','BIDV TRA VINH','7350119328'),(62,41,'BIDV','BIDV TRA VINH','7350143008'),(63,42,'BIDV','BIDV TRA VINH','7350119373'),(64,43,'BIDV','BIDV TRA VINH','7350394921'),(65,44,'BIDV','BIDV TRA VINH','7350543042'),(66,45,'VIETINBANK','Trà Vinh','109866796169'),(68,47,'ARIBANK','NHNo TP Trà Vinh','7406215020978'),(69,48,'BIDV','BIDV TRA VINH','7350764375'),(70,50,'BIDV','BIDV TRA VINH','7350143983'),(71,52,'ARIBANK','NHNo TP Trà Vinh','7406215021305'),(72,53,'BIDV','BIDV TRA VINH','7350119434'),(73,54,'BIDV','BIDV TRA VINH','7350757144'),(74,55,'ARIBANK','NHNo TP Trà Vinh','7406215020853'),(75,56,'VIETINBANK','Trà Vinh','109005101479'),(76,57,'Ngân hàng BIDV','Chi Nhánh Trà  Vinh','8844312070'),(77,58,'BIDV','BIDV TRA VINH','7350143965'),(78,60,'BIDV','BIDV TRA VINH','7350394790'),(79,61,'BIDV','BIDV TRA VINH','7350143974'),(80,64,'BIDV','BIDV TRA VINH','7350225270'),(81,65,'ARIBANK','NHNo TP Trà Vinh','7406215020903'),(82,68,'VIETINBANK','Trà Vinh','101866843397'),(83,69,'VIETINBANK','Trà Vinh','102004413192'),(84,70,'BIDV','BIDV TRA VINH','8862859679'),(85,71,'BIDV','BIDV TRA VINH','7351135752'),(86,72,'BIDV','BIDV TRA VINH','8841528707'),(87,74,'BIDV','BIDV TRA VINH','7350119249'),(88,75,'BIDV','BIDV TRA VINH','7350143035'),(89,76,'BIDV','BIDV TRA VINH','7350144904'),(90,77,'BIDV','BIDV TRA VINH','7351028278'),(91,78,'ARIBANK','NHNo TP Trà Vinh','7406215020882'),(92,79,'VIETINBANK','Trà Vinh','104866796191'),(93,81,'ARIBANK','NHNo TP Trà Vinh','7406205117811'),(94,83,'ARIBANK','NHNo TP Trà Vinh','7406215020899'),(95,88,'ARIBANK','NHNo TP Trà Vinh','7406215021311'),(96,89,'BIDV','BIDV TRA VINH','7350543787'),(97,90,'VIETINBANK','Trà Vinh','103866796180'),(99,93,'BIDV','BIDV TRA VINH','7351291380'),(100,94,'VIETINBANK','Trà Vinh','106005008056'),(101,95,'BIDV','BIDV TRA VINH','7350119355'),(102,96,'VIETINBANK',NULL,'104866796191'),(104,101,'BIDV','BIDV TRA VINH','8842960163'),(106,105,'VIETINBANK','Trà Vinh','103866796208'),(107,106,'BIDV','BIDV TRA VINH','7350543361'),(108,108,'ARIBANK','NHNo TP Trà Vinh','7406215020830'),(109,110,'VIETINBANK','Trà Vinh','101866796200'),(110,111,'VIETINBANK','Trà Vinh','104866796222'),(111,112,'VIETINBANK','Trà Vinh','100866796201'),(112,114,'BIDV','BIDV TRA VINH','8820081952'),(113,115,'VIETINBANK','Trà Vinh','103866796211'),(114,119,'VIETINBANK','Trà Vinh','101868753688'),(115,120,'BIDV','BIDV TRA VINH','8863239861'),(116,121,'BIDV','BIDV TRA VINH','7350109073'),(117,122,'BIDV','BIDV TRA VINH','7350770035'),(118,123,'BIDV','BIDV TRA VINH','7350041829'),(119,124,'BIDV','BIDV TRA VINH','7350119452'),(120,125,'BIDV','BIDV TRA VINH','7350150877'),(121,128,'VIETINBANK','Trà Vinh','107866810606'),(122,129,'BIDV','BIDV TRA VINH','7350442158'),(123,131,'BIDV','BIDV TRA VINH','7351367634'),(124,132,'BIDV','BIDV TRA VINH','7350018027'),(125,133,'VIETINBANK','Trà Vinh','100864192929'),(126,134,'BIDV','BIDV TRA VINH','7350142980'),(127,135,'ARIBANK','NHNo TP Trà Vinh','7406215022156'),(128,136,'BIDV','BIDV TRA VINH','7351486344'),(129,137,'BIDV','BIDV TRA VINH','7350543626'),(130,138,'Sacombank',NULL,NULL),(131,139,'VIETINBANK','Trà Vinh','102866796179'),(132,140,'VIETINBANK','Trà Vinh','102001084020'),(133,141,'BIDV','BIDV TRA VINH','7350148252'),(135,147,'BIDV','BIDV TRA VINH','7350164212'),(136,148,'BIDV','BIDV TRA VINH','8802861190'),(137,150,'VIETINBANK','Trà Vinh','100866796171'),(138,151,'BIDV','BIDV TRA VINH','7350136619'),(139,152,'BIDV','BIDV TRA VINH','7350119230'),(140,153,'BIDV','BIDV TRA VINH','7350418229'),(141,155,'BIDV','BIDV TRA VINH','7350136628'),(142,157,'BIDV','BIDV TRA VINH','7350136600'),(143,21,NULL,NULL,NULL),(144,46,'VIETINBANK','Trà Vinh','105866796188'),(145,144,'BIDV','BIDV TRA VINH','7350142999'),(146,158,NULL,NULL,NULL),(147,103,'BIDV','BIDV TRA VINH','7350610177'),(148,98,'BIDV','BIDV TRA VINH','7350610168'),(149,91,'ARIBANK','NHNo TP Trà Vinh','7406205117335'),(152,159,NULL,NULL,NULL),(166,18,NULL,NULL,NULL),(167,17,NULL,NULL,NULL),(183,1,'MB Bank','Chi nhánh Trà Vinh','8888274567');
/*!40000 ALTER TABLE `staff_bank_accounts` ENABLE KEYS */;
UNLOCK TABLES;

--
-- Table structure for table `staff_evaluations`
--

DROP TABLE IF EXISTS `staff_evaluations`;
/*!40101 SET @saved_cs_client     = @@character_set_client */;
/*!50503 SET character_set_client = utf8mb4 */;
CREATE TABLE `staff_evaluations` (
  `id` int NOT NULL AUTO_INCREMENT,
  `staff_profile_id` int NOT NULL,
  `civil_servant_rating` varchar(255) DEFAULT NULL,
  `excellent_teacher` tinyint(1) DEFAULT '0',
  `evaluation_year` int DEFAULT NULL,
  `note` text,
  PRIMARY KEY (`id`),
  KEY `staff_profile_id` (`staff_profile_id`),
  CONSTRAINT `staff_evaluations_ibfk_1` FOREIGN KEY (`staff_profile_id`) REFERENCES `staff_profiles` (`id`) ON DELETE CASCADE
) ENGINE=InnoDB AUTO_INCREMENT=77 DEFAULT CHARSET=utf8mb4 COLLATE=utf8mb4_0900_ai_ci;
/*!40101 SET character_set_client = @saved_cs_client */;

--
-- Dumping data for table `staff_evaluations`
--

LOCK TABLES `staff_evaluations` WRITE;
/*!40000 ALTER TABLE `staff_evaluations` DISABLE KEYS */;
INSERT INTO `staff_evaluations` VALUES (36,21,NULL,0,NULL,NULL),(37,46,NULL,0,NULL,NULL),(38,144,NULL,0,NULL,NULL),(39,158,NULL,0,NULL,NULL),(40,103,NULL,0,NULL,NULL),(41,98,NULL,0,NULL,NULL),(42,91,NULL,0,NULL,NULL),(45,159,NULL,0,NULL,NULL),(59,18,NULL,0,NULL,NULL),(60,17,NULL,0,NULL,NULL),(76,1,'Hoàn thành tốt nhiệm vụ',1,2022,'ABC');
/*!40000 ALTER TABLE `staff_evaluations` ENABLE KEYS */;
UNLOCK TABLES;

--
-- Table structure for table `staff_organizations`
--

DROP TABLE IF EXISTS `staff_organizations`;
/*!40101 SET @saved_cs_client     = @@character_set_client */;
/*!50503 SET character_set_client = utf8mb4 */;
CREATE TABLE `staff_organizations` (
  `id` int NOT NULL AUTO_INCREMENT,
  `staff_profile_id` int NOT NULL,
  `is_union_member` tinyint(1) DEFAULT '0',
  `union_join_date` date DEFAULT NULL,
  `is_party_member` tinyint(1) DEFAULT '0',
  `party_join_date` date DEFAULT NULL,
  PRIMARY KEY (`id`),
  KEY `staff_profile_id` (`staff_profile_id`),
  CONSTRAINT `staff_organizations_ibfk_1` FOREIGN KEY (`staff_profile_id`) REFERENCES `staff_profiles` (`id`) ON DELETE CASCADE
) ENGINE=InnoDB AUTO_INCREMENT=95 DEFAULT CHARSET=utf8mb4 COLLATE=utf8mb4_0900_ai_ci;
/*!40101 SET character_set_client = @saved_cs_client */;

--
-- Dumping data for table `staff_organizations`
--

LOCK TABLES `staff_organizations` WRITE;
/*!40000 ALTER TABLE `staff_organizations` DISABLE KEYS */;
INSERT INTO `staff_organizations` VALUES (6,5,0,NULL,0,NULL),(7,6,0,NULL,0,NULL),(8,6,0,NULL,0,NULL),(9,7,0,NULL,0,NULL),(10,8,0,NULL,0,NULL),(11,8,0,NULL,0,NULL),(12,9,0,NULL,0,NULL),(13,10,0,NULL,0,NULL),(14,11,0,NULL,0,NULL),(15,12,0,NULL,0,NULL),(16,13,0,NULL,0,NULL),(17,12,0,NULL,0,NULL),(19,15,0,NULL,0,NULL),(20,16,0,NULL,0,NULL),(21,16,0,NULL,0,NULL),(49,14,0,NULL,0,NULL),(53,19,0,NULL,0,NULL),(54,21,0,NULL,0,NULL),(55,46,0,NULL,0,NULL),(56,144,0,NULL,0,NULL),(57,158,0,NULL,0,NULL),(58,103,0,NULL,0,NULL),(59,98,0,NULL,0,NULL),(60,91,0,NULL,0,NULL),(63,159,1,'2018-05-10',1,'2022-11-10'),(77,18,1,'2019-03-26',0,NULL),(78,17,1,NULL,1,NULL),(94,1,1,'2019-03-26',0,NULL);
/*!40000 ALTER TABLE `staff_organizations` ENABLE KEYS */;
UNLOCK TABLES;

--
-- Table structure for table `staff_positions`
--

DROP TABLE IF EXISTS `staff_positions`;
/*!40101 SET @saved_cs_client     = @@character_set_client */;
/*!50503 SET character_set_client = utf8mb4 */;
CREATE TABLE `staff_positions` (
  `id` int NOT NULL AUTO_INCREMENT,
  `staff_profile_id` int NOT NULL,
  `job_position` varchar(255) DEFAULT NULL,
  `position_group` varchar(255) DEFAULT NULL,
  `recruitment_agency` varchar(255) DEFAULT NULL,
  `profession_when_recruited` varchar(255) DEFAULT NULL,
  `rank_level` varchar(100) DEFAULT NULL,
  `education_level` varchar(100) DEFAULT NULL,
  `rank_code` varchar(50) DEFAULT NULL,
  `subject_group` varchar(255) DEFAULT NULL,
  `contract_type` varchar(100) DEFAULT NULL,
  PRIMARY KEY (`id`),
  KEY `staff_profile_id` (`staff_profile_id`),
  CONSTRAINT `staff_positions_ibfk_1` FOREIGN KEY (`staff_profile_id`) REFERENCES `staff_profiles` (`id`) ON DELETE CASCADE
) ENGINE=InnoDB AUTO_INCREMENT=247 DEFAULT CHARSET=utf8mb4 COLLATE=utf8mb4_0900_ai_ci;
/*!40101 SET character_set_client = @saved_cs_client */;

--
-- Dumping data for table `staff_positions`
--

LOCK TABLES `staff_positions` WRITE;
/*!40000 ALTER TABLE `staff_positions` DISABLE KEYS */;
INSERT INTO `staff_positions` VALUES (23,16,'Giáo viên','','','','','','','',''),(24,16,'Giáo viên','','','','','','','',''),(55,5,'Giáo viên','Giáo viên THPT hạng III (V.07.05.15)','Đại học Trà Vinh',NULL,'3.33','THPT','V.07.05.15','Tổ Ngoại Ngữ - Ngữ Văn THPT','Hợp đồng không xác định thời hạn'),(56,6,'Nhân viên','Nhân viên (01.004)','Trường Đại học Trà Vinh',NULL,'3.03','THPT','01.004','Tổ Văn phòng','Hợp đồng không xác định thời hạn'),(57,7,'Giáo viên','Giáo viên THCS hạng III (V.07.04.32)','Trường Đại học Trà Vinh',NULL,'3.99','THCS','V.07.04.32','Tổ Khoa Học Tự Nhiên','Hợp đồng không xác định thời hạn'),(58,8,'Nhân viên',NULL,'Trường Thực hành Sư phạm',NULL,'1.2','Tiểu học',NULL,'Tổ Cấp Dưỡng','Hợp đồng lương vùng theo Nghị định 74/2024/NĐ-CP'),(59,9,'Nhân viên','Kế toán viên (06.031)','Sở Nội vụ tỉnh Trà Vinh',NULL,'4.65','THPT','06.031','Tổ Văn phòng','Hợp đồng không xác định thời hạn'),(60,10,'Nhân viên','Cán sự (01.003)','ĐHTV',NULL,'3.33','THPT','01.003','Tổ Văn phòng','Hợp đồng không xác định thời hạn'),(61,11,'Giáo viên','Giáo viên THPT hạng III (V.07.05.15)','Trường Đại học Trà Vinh',NULL,'3.33','THPT','V.07.05.15','Tổ Sử - Địa - GDKTPL - GDQP - GDTC','Hợp đồng không xác định thời hạn'),(62,12,'Giáo viên','Giáo viên THPT hạng III (V.07.05.15)',NULL,NULL,'3','THPT','V.07.05.15','Tổ Sử - Địa - GDKTPL - GDQP - GDTC','Hợp đồng không xác định thời hạn'),(63,13,'Giáo viên','Giáo viên THCS hạng II (V.07.04.31)','Phòng GD-ĐT TPTV',NULL,'4','THCS','V.07.04.31','Tổ Ngoại Ngữ - Ngữ Văn THCS','Hợp đồng không xác định thời hạn'),(64,14,'Nhân viên',NULL,NULL,NULL,'1','THPT',NULL,'Tổ Văn phòng','Hợp đồng lương vùng theo Nghị định 74/2024/NĐ-CP'),(65,15,'Giáo viên','Giáo viên THCS hạng III (V.07.04.32)','BAN TỔ CHỨC CHÍNH QUYỀN TỈNH TRÀ VINH',NULL,'4.98','THCS','V.07.04.32','Tổ Ngoại Ngữ - Ngữ Văn THCS','Hợp đồng không xác định thời hạn'),(66,20,'Nhân viên',NULL,'Trường Thực hành sư phạm',NULL,'1.2','Tiểu học',NULL,'Tổ Cấp Dưỡng','Hợp đồng lương vùng theo Nghị định 74/2024/NĐ-CP'),(68,22,'Giáo viên','Giáo viên Tiểu học hạng III (V.07.03.29)','Trường Đại học Trà Vinh',NULL,'3.33','Tiểu học','V.07.03.29','Tổ Khối Một','Hợp đồng không xác định thời hạn'),(69,19,'Giáo viên','Giáo viên THPT hạng III (V.07.05.15)',NULL,NULL,'3.99','THPT','V.07.05.15','Tổ Toán - Tin THPT','Hợp đồng không xác định thời hạn'),(70,23,'Nhân viên',NULL,'Trường Thực hành Sư phạm',NULL,'1.2','THPT',NULL,'Tổ Văn phòng','Hợp đồng lương vùng theo Nghị định 74/2024/NĐ-CP'),(71,24,'Nhân viên',NULL,'Trường Thực hành Sư phạm',NULL,'1.15','Tiểu học',NULL,'Tổ Cấp Dưỡng','Hợp đồng lương vùng theo Nghị định 74/2024/NĐ-CP'),(72,25,'Giáo viên','Giáo viên Mầm non hạng III (V.07.02.26)',NULL,NULL,'3.03','Mầm non','V.07.02.26','Tổ Nhóm - Mầm','Hợp đồng không xác định thời hạn'),(73,26,'Giáo viên','Giáo viên Mầm non hạng III (V.07.02.26)','Phòng Giáo dục Đào tạo Huyện Duyên Hải, Tỉnh Trà Vinh',NULL,'3.96','Mầm non','V.07.02.26','Tổ Chồi - Lá','Hợp đồng không xác định thời hạn'),(74,27,'Giáo viên','Giáo viên THPT hạng III (V.07.05.15)','TRường CĐSP Trà Vinh',NULL,'4.98','THPT','V.07.05.15','Tổ Lý - Hoá - Sinh - Công nghệ','Hợp đồng không xác định thời hạn'),(75,28,'Giáo viên','Giáo viên THCS hạng III (V.07.04.32)','Trường ĐHTV',NULL,'3.33','THCS','V.07.04.32','Tổ Nghệ Thuật - Sử - Địa - GDCD - GDTC','Hợp đồng không xác định thời hạn'),(76,29,'Giáo viên','Giáo viên THCS hạng III (V.07.04.32)','ĐHTV - THSP',NULL,'3.33','THCS','V.07.04.32','Tổ Nghệ Thuật - Sử - Địa - GDCD - GDTC','Hợp đồng không xác định thời hạn'),(77,30,'Giáo viên','Giáo viên Tiểu học hạng III (V.07.03.29)','Trường Đại học Trà Vinh',NULL,'3','Tiểu học','V.07.03.29','Tổ Khối Bốn','Hợp đồng không xác định thời hạn'),(78,31,'Giáo viên','Giáo viên THPT hạng III (V.07.05.15)','Đại học Trà Vinh',NULL,'3.33','THPT','V.07.05.15','Tổ Ngoại Ngữ - Ngữ Văn THPT','Hợp đồng không xác định thời hạn'),(79,32,'Giáo viên','Giáo viên THPT hạng III (V.07.05.15)','Sở nội vụ Trà Vinh',NULL,'4.65','THPT','V.07.05.15','Tổ Lý - Hoá - Sinh - Công nghệ','Hợp đồng không xác định thời hạn'),(80,33,'Nhân viên',NULL,'Trường Thực Hành Sư Phạm',NULL,'1.15','Tiểu học',NULL,'Tổ Cấp Dưỡng','Hợp đồng lương vùng theo Nghị định 74/2024/NĐ-CP'),(81,34,'Giáo viên','Giáo viên Tiểu học hạng II (V.07.03.28)','Giáo viên',NULL,'4','Tiểu học','V.07.03.28','Tổ Khối Bốn','Hợp đồng không xác định thời hạn'),(82,35,'Nhân viên',NULL,'Trường Thực hành Su phạm',NULL,'1.2','Tiểu học',NULL,'Tổ Cấp Dưỡng','Hợp đồng lương vùng theo Nghị định 74/2024/NĐ-CP'),(83,36,'Giáo viên','Giáo viên Tiểu học hạng III (V.07.03.29)','Trường Đại học Trà Vinh',NULL,'3','Tiểu học','V.07.03.29','Tổ Khối Hai','Hợp đồng không xác định thời hạn'),(84,37,'Giáo viên','Giáo viên THCS hạng III (V.07.04.32)','Trường Đại học Trà Vinh',NULL,'3.33','THCS','V.07.04.32','Tổ Toán - Tin THCS','Hợp đồng không xác định thời hạn'),(85,38,'Giáo viên','Giáo viên Tiểu học hạng III (V.07.03.29)','Trường Đại học Trà Vinh',NULL,'3.33','Tiểu học','V.07.03.29','Tổ Khối Một','Hợp đồng không xác định thời hạn'),(86,39,'Giáo viên','Giáo viên Tiểu học hạng III (V.07.03.29)','Trường Đại học Trà Vinh',NULL,'2.67','Tiểu học','V.07.03.29','Tổ Khối Một','Hợp đồng không xác định thời hạn'),(87,40,'Giáo viên','Giáo viên Tiểu học hạng II (V.07.03.28)','Đại học Trà Vinh',NULL,'4','Tiểu học','V.07.03.28','Tổ Khối Bốn','Hợp đồng không xác định thời hạn'),(88,41,'Giáo viên','Giáo viên Mầm non hạng II (V.07.02.25)','Phòng giáo dục Châu Thành',NULL,'3.99','Mầm non','V.07.02.25','Tổ Chồi - Lá','Hợp đồng không xác định thời hạn'),(89,42,'Giáo viên','Giáo viên THCS hạng II (V.07.04.31)','Ủy ban Nhân dân thành phố Trà Vinh',NULL,'4.34','THCS','V.07.04.31','Tổ Toán - Tin THCS','Hợp đồng không xác định thời hạn'),(90,43,'Giáo viên','Giáo viên Tiểu học hạng II (V.07.03.28)','UBND huyện Duyên Hải',NULL,'4','Tiểu học','V.07.03.28','Tổ Khối Một','Hợp đồng không xác định thời hạn'),(91,44,'Giáo viên','Giáo viên THPT hạng III (V.07.05.15)','Trường ĐH Trà Vinh',NULL,'3','THCS','V.07.05.15','Tổ Toán - Tin THCS','Hợp đồng không xác định thời hạn'),(92,45,'Giáo viên','Giáo viên THCS hạng III (V.07.04.32)','Sở Giáo dục Trà Vinh',NULL,'4.98','THCS','V.07.04.32','Tổ Nghệ Thuật - Sử - Địa - GDCD - GDTC','Hợp đồng không xác định thời hạn'),(94,47,'Giáo viên','Giáo viên Tiểu học hạng III (V.07.03.29)','Trường Thực hành Sư phạm',NULL,'3','Tiểu học','V.07.03.29','Tổ Khối Bốn','Hợp đồng không xác định thời hạn'),(95,48,'Giáo viên','Giáo viên THPT hạng III (V.07.05.15)','UBND tỉnh Trà Vinh',NULL,'4.65','THPT','V.07.05.15','Tổ Toán - Tin THPT','Hợp đồng không xác định thời hạn'),(96,49,'Nhân viên',NULL,'Trường Thực hành Sư phạm',NULL,'1.15','Tiểu học',NULL,'Tổ Cấp Dưỡng','Hợp đồng lương vùng theo Nghị định 74/2024/NĐ-CP'),(97,50,'Giáo viên','Giáo viên Tiểu học hạng II (V.07.03.28)','Trường TH Thị trấn Châu Thành',NULL,'4','Tiểu học','V.07.03.28','Tổ Khối Năm','Hợp đồng không xác định thời hạn'),(98,51,'Nhân viên',NULL,NULL,NULL,'1.2','THPT',NULL,'Tổ Văn phòng','Hợp đồng lương vùng theo Nghị định 74/2024/NĐ-CP'),(99,52,'Giáo viên','Giáo viên Tiểu học hạng III (V.07.03.29)','Đại học Trà Vinh',NULL,'3.33','Tiểu học','V.07.03.29','Tổ Khối Năm','Hợp đồng không xác định thời hạn'),(100,53,'Giáo viên','Giáo viên Mầm non hạng III (V.07.02.26)','phòng GD Càng Long',NULL,'3.65','Mầm non','V.07.02.26','Tổ Chồi - Lá','Hợp đồng không xác định thời hạn'),(101,54,'Giáo viên','Giáo viên THCS hạng III (V.07.04.32)','Sở Giáo dục và Đào tạo Trà Vinh',NULL,'4.98','THCS','V.07.04.32','Tổ Toán - Tin THCS','Hợp đồng không xác định thời hạn'),(102,55,'Giáo viên','Giáo viên THCS hạng III (V.07.04.32)',NULL,NULL,'4.98','THCS','V.07.04.32','Tổ Toán - Tin THCS','Hợp đồng không xác định thời hạn'),(103,56,'Giáo viên','Giáo viên THCS hạng II (V.07.04.31)','Sở GDĐT TP.HCM',NULL,'4','THCS','V.07.04.31','Tổ Ngoại Ngữ - Ngữ Văn THCS','Hợp đồng không xác định thời hạn'),(104,57,'Giáo viên HĐ',NULL,NULL,NULL,NULL,'Mầm non',NULL,'Tổ Chồi - Lá','Hợp đồng thỉnh giảng'),(105,58,'Giáo viên','Giáo viên Tiểu học hạng III (V.07.03.29)','Trường Đại học Trà Vinh',NULL,'3.33','Tiểu học','V.07.03.29','Tổ Khối Năm','Hợp đồng không xác định thời hạn'),(106,59,'Nhân viên',NULL,'Trường Thực hành Sư phạm',NULL,'1.2','Tiểu học',NULL,'Tổ Cấp Dưỡng','Hợp đồng lương vùng theo Nghị định 74/2024/NĐ-CP'),(107,60,'Giáo viên','Giáo viên Tiểu học hạng III (V.07.03.29)','Trường Thực hành Sư phạm',NULL,'3','Tiểu học','V.07.03.29','Tổ Khối Ba','Hợp đồng không xác định thời hạn'),(108,61,'Giáo viên','Giáo viên Tiểu học hạng II (V.07.03.28)',NULL,NULL,'4','Tiểu học','V.07.03.28','Tổ Khối Ba','Hợp đồng không xác định thời hạn'),(109,62,'Nhân viên',NULL,'Trường Thực hành Sư phạm',NULL,'1.2','THPT',NULL,'Tổ Văn phòng','Hợp đồng lương vùng theo Nghị định 74/2024/NĐ-CP'),(110,63,'Nhân viên',NULL,'Trường THSP',NULL,'1.05','Tiểu học',NULL,'Tổ Cấp Dưỡng','Hợp đồng lương vùng theo Nghị định 74/2024/NĐ-CP'),(111,64,'Giáo viên','Giáo viên Mầm non hạng III (V.07.02.26)','Trường Thực hành Sư phạm',NULL,'2.72','Mầm non','V.07.02.26','Tổ Nhóm - Mầm','Hợp đồng không xác định thời hạn'),(112,65,'Giáo viên','Giáo viên Mầm non hạng III (V.07.02.26)','Trường Đại học Trà Vinh',NULL,'3.03','Mầm non','V.07.02.26','Tổ Nhóm - Mầm','Hợp đồng không xác định thời hạn'),(113,66,'Nhân viên',NULL,'Trường Đại học Trà Vinh',NULL,'1.3','Tiểu học',NULL,'Tổ Cấp Dưỡng','Hợp đồng lương vùng theo Nghị định 74/2024/NĐ-CP'),(114,67,'Nhân viên',NULL,'Trường Thực hành Sư phạm',NULL,'1.2','Tiểu học',NULL,'Tổ Cấp Dưỡng','Hợp đồng lương vùng theo Nghị định 74/2024/NĐ-CP'),(115,68,'Giáo viên','Giáo viên THCS hạng III (V.07.04.32)','Sở giáo dục đào tạo Tỉnh Trà Vinh',NULL,'4.32','THCS','V.07.04.32','Tổ Khoa Học Tự Nhiên','Hợp đồng không xác định thời hạn'),(116,69,'Giáo viên','Giáo viên THPT hạng III (V.07.05.15)','Ban tổ chức CQ Tỉnh Tiền Giang',NULL,'4.98','THPT','V.07.05.15','Tổ Toán - Tin THPT','Hợp đồng không xác định thời hạn'),(117,70,'Giáo viên','Giáo viên THPT hạng III (V.07.05.15)','Trường Thực Hành Sư Phạm - Đại Học Trà Vinh',NULL,'2.67','THCS','V.07.05.15','Tổ Toán - Tin THCS','Hợp đồng không xác định thời hạn'),(118,71,'Giáo viên','Giáo viên THCS hạng III (V.07.04.32)','Trường Đại học Trà Vinh',NULL,'2.67','THCS','V.07.04.32','Tổ Khoa Học Tự Nhiên','Hợp đồng không xác định thời hạn'),(119,72,'Giáo viên','Giáo viên THCS hạng III (V.07.04.32)','Trường THSP - Trường ĐHTV',NULL,'2.67','THCS','V.07.04.32','Tổ Ngoại Ngữ - Ngữ Văn THCS','Hợp đồng không xác định thời hạn'),(120,73,'Nhân viên',NULL,'Trường Thực hành Sư phạm',NULL,'1','Tiểu học',NULL,'Tổ Cấp Dưỡng','Hợp đồng lương vùng theo Nghị định 74/2024/NĐ-CP'),(121,74,'Giáo viên','Giáo viên Mầm non hạng III (V.07.02.26)','Trường Đại Học Trà Vinh',NULL,'3.03','Mầm non','V.07.02.26','Tổ Nhóm - Mầm','Hợp đồng không xác định thời hạn'),(122,75,'Nhân viên','Y sĩ hạng III (V.08.03.07)','Trường Đại học Trà Vinh',NULL,'2.86','THPT','V.08.03.07','Tổ Văn phòng','Hợp đồng không xác định thời hạn'),(123,76,'Giáo viên','Giáo viên THPT hạng III (V.07.05.15)','Ban tổ chức chính quyền tỉnh Trà Vinh',NULL,'4.98','THPT','V.07.05.15','Tổ Lý - Hoá - Sinh - Công nghệ','Hợp đồng không xác định thời hạn'),(124,77,'Giáo viên','Giáo viên THCS hạng III (V.07.04.32)','Trường THCS Hưng Thạnh, Q.Cái Răng, Tp Cần Thơ.',NULL,'3.33','THCS','V.07.04.32','Tổ Ngoại Ngữ - Ngữ Văn THCS','Hợp đồng không xác định thời hạn'),(125,78,'Giáo viên','Giáo viên Tiểu học hạng III (V.07.03.29)','trường Thực hành Sư phạm',NULL,'3.33','Tiểu học','V.07.03.29','Tổ Khối Hai','Hợp đồng không xác định thời hạn'),(127,80,'Nhân viên',NULL,'Trường Thực hành Sư phạm',NULL,'1.2','Tiểu học',NULL,'Tổ Cấp Dưỡng','Hợp đồng lương vùng theo Nghị định 74/2024/NĐ-CP'),(128,81,'Giáo viên','Giáo viên Tiểu học hạng III (V.07.03.29)','trường Thực hành Sư phạm',NULL,'3','Tiểu học','V.07.03.29','Tổ Khối Bốn','Hợp đồng không xác định thời hạn'),(129,82,'Nhân viên',NULL,'Trường Thực hành Sư phạm',NULL,'1','Tiểu học',NULL,'Tổ Cấp Dưỡng','Hợp đồng lương vùng theo Nghị định 74/2024/NĐ-CP'),(130,83,'Giáo viên','Giáo viên Mầm non hạng III (V.07.02.26)','Đại học Trà Vinh',NULL,'3.03','Mầm non','V.07.02.26','Tổ Chồi - Lá','Hợp đồng không xác định thời hạn'),(131,84,'Nhân viên',NULL,'Trường Thực hành Sư phạm',NULL,'1.15','Tiểu học',NULL,'Tổ Cấp Dưỡng','Hợp đồng lương vùng theo Nghị định 74/2024/NĐ-CP'),(132,85,'Nhân viên',NULL,'Trường THực hành Sư phạm',NULL,'1','Tiểu học',NULL,'Tổ Cấp Dưỡng','Hợp đồng lương vùng theo Nghị định 74/2024/NĐ-CP'),(133,86,'Nhân viên',NULL,'Trường Thực Hành Sư Phạm',NULL,'1.2','Tiểu học',NULL,'Tổ Cấp Dưỡng','Hợp đồng lương vùng theo Nghị định 74/2024/NĐ-CP'),(134,87,'Nhân viên',NULL,'Trường thực hành sư pham',NULL,'1.2','Tiểu học',NULL,'Tổ Cấp Dưỡng','Hợp đồng lương vùng theo Nghị định 74/2024/NĐ-CP'),(135,88,'Giáo viên','Giáo viên Mầm non hạng III (V.07.02.26)',NULL,NULL,'3.03','Mầm non','V.07.02.26','Tổ Chồi - Lá','Hợp đồng không xác định thời hạn'),(136,79,'Giáo viên',NULL,NULL,NULL,NULL,'THCS',NULL,'Tổ Nghệ Thuật - Sử - Địa - GDCD - GDTC',NULL),(137,89,'Giáo viên','Giáo viên THPT hạng III (V.07.05.15)','Trường THSP',NULL,'4.32','THPT','V.07.05.15','Tổ Sử - Địa - GDKTPL - GDQP - GDTC','Hợp đồng không xác định thời hạn'),(138,90,'Giáo viên','Giáo viên THPT hạng III (V.07.05.15)','Trường Đại học Trà Vinh',NULL,'4.32','THPT','V.07.05.15','Tổ Sử - Địa - GDKTPL - GDQP - GDTC','Hợp đồng không xác định thời hạn'),(140,92,'Nhân viên',NULL,'Trường Thực Hành Sư Phạm',NULL,'1.15','Tiểu học',NULL,'Tổ Cấp Dưỡng','Hợp đồng lương vùng theo Nghị định 74/2024/NĐ-CP'),(141,93,'Giáo viên','Giáo viên Tiểu học hạng III (V.07.03.29)','Trường THSP',NULL,'2.34','Tiểu học','V.07.03.29','Tổ Khối Ba','Hợp đồng không xác định thời hạn'),(142,94,'Giáo viên','Giáo viên Tiểu học hạng III (V.07.03.29)','Trường Thực hành Sư phạm',NULL,'3.33','Tiểu học','V.07.03.29','Tổ Khối Năm','Hợp đồng không xác định thời hạn'),(143,95,'Giáo viên','Giáo viên Mầm non hạng III (V.07.02.26)','Trường Đại học Trà Vinh',NULL,'3.03','Mầm non','V.07.02.26','Tổ Nhóm - Mầm','Hợp đồng không xác định thời hạn'),(144,96,'Giáo viên','Giáo viên Tiểu học hạng III (V.07.03.29)','Đại học Trà Vinh',NULL,'3','Tiểu học','V.07.03.29','Tổ Khối Bốn','Hợp đồng không xác định thời hạn'),(145,97,'Nhân viên',NULL,'Trường Thực hành Sư phạm',NULL,'1.15','Tiểu học',NULL,'Tổ Cấp Dưỡng','Hợp đồng lương vùng theo Nghị định 74/2024/NĐ-CP'),(147,99,'Nhân viên',NULL,NULL,NULL,'1.02','THPT',NULL,'Tổ Văn phòng','Hợp đồng lương vùng theo Nghị định 74/2024/NĐ-CP'),(148,100,'Nhân viên',NULL,'Trường Thực hành Sư phạm',NULL,'1','Tiểu học',NULL,'Tổ Cấp Dưỡng','Hợp đồng lương vùng theo Nghị định 74/2024/NĐ-CP'),(149,101,'Giáo viên','Giáo viên THCS hạng III (V.07.04.32)','Trường Đại học Trà Vinh',NULL,'2.34','THCS','V.07.04.32','Tổ Ngoại Ngữ - Ngữ Văn THCS','Hợp đồng không xác định thời hạn'),(150,102,'Nhân viên',NULL,'Trường Thực hành Sư Phạm',NULL,'1.15','Tiểu học',NULL,'Tổ Cấp Dưỡng','Hợp đồng lương vùng theo Nghị định 74/2024/NĐ-CP'),(152,104,'Nhân viên',NULL,'Trường Cao đẳng Sư phạm',NULL,'1.55','THPT',NULL,'Tổ Văn phòng','Hợp đồng lương vùng theo Nghị định 74/2024/NĐ-CP'),(153,105,'Giáo viên','Giáo viên Tiểu học hạng III (V.07.03.29)',NULL,NULL,'3','Tiểu học','V.07.03.29','Tổ Khối Hai','Hợp đồng không xác định thời hạn'),(154,106,'Giáo viên','Giáo viên THCS hạng III (V.07.04.32)','Trường Đại học Trà Vinh',NULL,'3','THCS','V.07.04.32','Tổ Khoa Học Tự Nhiên','Hợp đồng không xác định thời hạn'),(155,107,'Nhân viên',NULL,NULL,NULL,'1','THPT',NULL,'Tổ Văn phòng','Hợp đồng lương vùng theo Nghị định 74/2024/NĐ-CP'),(156,108,'Giáo viên','Giáo viên Tiểu học hạng III (V.07.03.29)',NULL,NULL,'3.33','Tiểu học','V.07.03.29','Tổ Khối Ba','Hợp đồng không xác định thời hạn'),(157,109,'Nhân viên',NULL,'Trường Thực hành Sư phạm',NULL,'1.15','THPT',NULL,'Tổ Văn phòng','Hợp đồng lương vùng theo Nghị định 74/2024/NĐ-CP'),(158,110,'Giáo viên','Giáo viên Tiểu học hạng III (V.07.03.29)',NULL,NULL,'3.33','Tiểu học','V.07.03.29','Tổ Khối Năm','Hợp đồng không xác định thời hạn'),(159,111,'Giáo viên','Giáo viên Mầm non hạng III (V.07.02.26)','TRƯỜNG THỰC HÀNH SƯ PHẠM',NULL,'3.03','Mầm non','V.07.02.26','Tổ Chồi - Lá','Hợp đồng không xác định thời hạn'),(160,112,'Giáo viên','Giáo viên Tiểu học hạng III (V.07.03.29)','Trường Thực hành Sư phạm',NULL,'3.33','Tiểu học','V.07.03.29','Tổ Khối Hai','Hợp đồng không xác định thời hạn'),(161,113,'Nhân viên',NULL,'Trường Thực hành Sư phạm',NULL,'1','THPT',NULL,'Tổ Văn phòng','Hợp đồng lương vùng theo Nghị định 74/2024/NĐ-CP'),(162,114,'Giáo viên','Giáo viên THPT hạng III (V.07.05.15)','Trường ĐH Trà Vinh',NULL,'4.32','THPT','V.07.05.15','Tổ Ngoại Ngữ - Ngữ Văn THPT','Hợp đồng không xác định thời hạn'),(163,115,'Giáo viên','Giáo viên Tiểu học hạng III (V.07.03.29)',NULL,NULL,'3','Tiểu học','V.07.03.29','Tổ Khối Một','Hợp đồng không xác định thời hạn'),(164,116,'Nhân viên',NULL,'Trường Thực hành Sư phạm',NULL,'1','Tiểu học',NULL,'Tổ Cấp Dưỡng','Hợp đồng lương vùng theo Nghị định 74/2024/NĐ-CP'),(165,117,'Nhân viên',NULL,'Trường Thực hành Sư phạm',NULL,'1.3','THPT',NULL,'Tổ Văn phòng','Hợp đồng lương vùng theo Nghị định 74/2024/NĐ-CP'),(166,118,'Nhân viên',NULL,'Trường Thực hành Sư phạm',NULL,'1','THPT',NULL,'Tổ Văn phòng','Hợp đồng lương vùng theo Nghị định 74/2024/NĐ-CP'),(167,119,'Giáo viên','Giáo viên THPT hạng III (V.07.05.15)','Sở Giáo dục và Đào tạo Trà Vinh',NULL,'3.99','THPT','V.07.05.15','Tổ Toán - Tin THPT','Hợp đồng không xác định thời hạn'),(168,120,'Giáo viên','Giáo viên THPT hạng II (V.07.05.14)','Sở Giáo đục và Đào tạo Vĩnh Long',NULL,'4.34','THPT','V.07.05.14','Tổ Lý - Hoá - Sinh - Công nghệ','Hợp đồng không xác định thời hạn'),(169,121,'Giáo viên','Giáo viên THPT hạng II (V.07.05.14)','Sở GD amp; ĐT Trà Vinh',NULL,'4.68','THPT','V.07.05.14','Tổ Toán - Tin THPT','Hợp đồng không xác định thời hạn'),(170,122,'Giáo viên','Giáo viên THCS hạng III (V.07.04.32)',NULL,NULL,'2.67','THCS','V.07.04.32','Tổ Nghệ Thuật - Sử - Địa - GDCD - GDTC','Hợp đồng không xác định thời hạn'),(171,123,'Giáo viên','Giáo viên THCS hạng III (V.07.04.32)','ĐHTV',NULL,'3.33','THCS','V.07.04.32','Tổ Toán - Tin THCS','Hợp đồng không xác định thời hạn'),(172,124,'Nhân viên','Kế toán viên (06.031)','Trường Đại học Trà Vinh',NULL,'3.33','THPT','06.031','Tổ Văn phòng','Hợp đồng không xác định thời hạn'),(173,125,'Giáo viên','Giáo viên THPT hạng III (V.07.05.15)','Sở GD và Đào tạo tỉnh Sóc Trăng',NULL,'4.98','THPT','V.07.05.15','Tổ Ngoại Ngữ - Ngữ Văn THPT','Hợp đồng không xác định thời hạn'),(174,126,'Nhân viên',NULL,'Trường Thực hành Sư phạm',NULL,'1','Tiểu học',NULL,'Tổ Cấp Dưỡng','Hợp đồng lương vùng theo Nghị định 74/2024/NĐ-CP'),(175,127,'Nhân viên',NULL,'Trường Thực hành Sư phạm',NULL,'1.15','Tiểu học',NULL,'Tổ Cấp Dưỡng','Hợp đồng lương vùng theo Nghị định 74/2024/NĐ-CP'),(176,128,'Giáo viên','Giáo viên THPT hạng III (V.07.05.15)','Đại học Trà Vinh',NULL,'3.33','THPT','V.07.05.15','Tổ Sử - Địa - GDKTPL - GDQP - GDTC','Hợp đồng không xác định thời hạn'),(177,129,'Giáo viên','Giáo viên THCS hạng III (V.07.04.32)',NULL,NULL,'3','THCS','V.07.04.32','Tổ Ngoại Ngữ - Ngữ Văn THCS','Hợp đồng không xác định thời hạn'),(178,130,'Nhân viên',NULL,'Trường thực hành Sư phạm',NULL,'1.2','Tiểu học',NULL,'Tổ Cấp Dưỡng','Hợp đồng lương vùng theo Nghị định 74/2024/NĐ-CP'),(179,131,'Giáo viên','Giáo viên THCS hạng III (V.07.04.32)','Trường Thực hành Sư phạm',NULL,'2.67','THCS','V.07.04.32','Tổ Ngoại Ngữ - Ngữ Văn THCS','Hợp đồng không xác định thời hạn'),(180,132,'Giáo viên','Giáo viên THCS hạng III (V.07.04.32)','Trường Trung cấp VHNT Trà Vinh',NULL,'3.66','THCS','V.07.04.32','Tổ Nghệ Thuật - Sử - Địa - GDCD - GDTC','Hợp đồng không xác định thời hạn'),(181,133,'Giáo viên','Giáo viên Tiểu học hạng III (V.07.03.29)','Trường Thực Hành Sư Phạm',NULL,'3.33','Tiểu học','V.07.03.29','Tổ Khối Năm','Hợp đồng không xác định thời hạn'),(182,134,'Giáo viên','Giáo viên THPT hạng III (V.07.05.15)','Trường THPT Nguyễn Trung trực, An Giang',NULL,'4.32','THPT','V.07.05.15','Tổ Lý - Hoá - Sinh - Công nghệ','Hợp đồng không xác định thời hạn'),(183,135,'Giáo viên','Giáo viên Mầm non hạng III (V.07.02.26)','PGD TPTV',NULL,'3.03','Mầm non','V.07.02.26','Tổ Chồi - Lá','Hợp đồng không xác định thời hạn'),(184,136,'Giáo viên','Giáo viên THPT hạng III (V.07.05.15)','Trường Đại học Trà Vinh',NULL,'2.34','THCS','V.07.05.15','Tổ Toán - Tin THCS','Hợp đồng không xác định thời hạn'),(185,137,'Giáo viên','Giáo viên THPT hạng III (V.07.05.15)',NULL,NULL,'3.99','THPT','V.07.05.15','Tổ Lý - Hoá - Sinh - Công nghệ','Hợp đồng không xác định thời hạn'),(186,138,'Giáo viên HĐ',NULL,'Thực hành Sư phạm',NULL,NULL,'Tiểu học',NULL,'Tổ Khối Hai','Hợp đồng lương vùng theo Nghị định 74/2024/NĐ-CP'),(187,139,'Giáo viên','Giáo viên THCS hạng II (V.07.04.31)','SGDamp;ĐT',NULL,'4.68','THCS','V.07.04.31','Tổ Khoa Học Tự Nhiên','Hợp đồng không xác định thời hạn'),(188,140,'Giáo viên','Giáo viên THPT hạng III (V.07.05.15)','Trường Đại học Trà Vinh',NULL,'3.33','THPT','V.07.05.15','Tổ Ngoại Ngữ - Ngữ Văn THPT','Hợp đồng không xác định thời hạn'),(189,141,'Giáo viên','Giáo viên Tiểu học hạng III (V.07.03.29)','Trường Thực hành Sư phạm',NULL,'3.33','Tiểu học','V.07.03.29','Tổ Khối Bốn','Hợp đồng không xác định thời hạn'),(190,142,'Nhân viên',NULL,'Trường Thực hành Sư phạm',NULL,'1.2','Tiểu học',NULL,'Tổ Cấp Dưỡng','Hợp đồng lương vùng theo Nghị định 74/2024/NĐ-CP'),(191,143,'Nhân viên',NULL,'Trường Thực hành Sư phạm',NULL,'1.05','Tiểu học',NULL,'Tổ Cấp Dưỡng','Hợp đồng lương vùng theo Nghị định 74/2024/NĐ-CP'),(193,145,'Nhân viên',NULL,NULL,NULL,'1','THPT',NULL,'Tổ Văn phòng','Hợp đồng lương vùng theo Nghị định 74/2024/NĐ-CP'),(194,146,'Nhân viên',NULL,'Trường Thực hành Sư phạm',NULL,'1.51','THPT',NULL,'Tổ Văn phòng','Hợp đồng lương vùng theo Nghị định 74/2024/NĐ-CP'),(195,147,'Giáo viên','Giáo viên THCS hạng III (V.07.04.32)','Trường Đại Học Trà Vinh',NULL,'3.33','THCS','V.07.04.32','Tổ Nghệ Thuật - Sử - Địa - GDCD - GDTC','Hợp đồng không xác định thời hạn'),(196,148,'Giáo viên','Giáo viên THCS hạng III (V.07.04.32)','Trường Đại học Trà Vinh - Trường Thực Hành Sư Phạm',NULL,'2.67','THCS','V.07.04.32','Tổ Toán - Tin THCS','Hợp đồng không xác định thời hạn'),(197,149,'Nhân viên',NULL,'Trường THSP',NULL,'1.55','THPT',NULL,'Tổ Văn phòng','Hợp đồng lương vùng theo Nghị định 74/2024/NĐ-CP'),(198,150,'Giáo viên','Giáo viên THPT hạng III (V.07.05.15)','Sở GD ĐT Trà Vinh',NULL,'4.32','THPT','V.07.05.15','Tổ Toán - Tin THPT','Hợp đồng không xác định thời hạn'),(199,151,'Giáo viên','Giáo viên Mầm non hạng II (V.07.02.25)','UBND HUYỆN CẦU KÈ',NULL,'3.99','Mầm non','V.07.02.25','Tổ Chồi - Lá','Hợp đồng không xác định thời hạn'),(200,152,'Giáo viên','Giáo viên THPT hạng III (V.07.05.15)','Sở GD_ĐT Trà Vinh',NULL,'4.98','THPT','V.07.05.15','Tổ Lý - Hoá - Sinh - Công nghệ','Hợp đồng không xác định thời hạn'),(201,153,'Giáo viên','Giáo viên Tiểu học hạng II (V.07.03.28)','Tổ chức Chính Quyền Tỉnh Trà Vinh',NULL,'5.02','Tiểu học','V.07.03.28','Tổ Khối Năm','Hợp đồng không xác định thời hạn'),(202,154,'Nhân viên',NULL,'Trường Thực hành Sư phạm',NULL,'1','Tiểu học',NULL,'Tổ Cấp Dưỡng','Hợp đồng lương vùng theo Nghị định 74/2024/NĐ-CP'),(203,155,'Giáo viên','Giáo viên Mầm non hạng III (V.07.02.26)','Trường Đại học Trà Vinh',NULL,'3.34','Mầm non','V.07.02.26','Tổ Nhóm - Mầm','Hợp đồng không xác định thời hạn'),(204,156,'Nhân viên',NULL,'Trường Thực hành Sư phạm',NULL,'1','Tiểu học',NULL,'Tổ Cấp Dưỡng','Hợp đồng lương vùng theo Nghị định 74/2024/NĐ-CP'),(205,157,'Giáo viên','Giáo viên Mầm non hạng III (V.07.02.26)','Phòng giáo dục đào tạo huyện Càng Long',NULL,'3.99','Mầm non','V.07.02.25','Tổ Nhóm - Mầm','Hợp đồng không xác định thời hạn'),(206,21,'Nhân viên','Thư viện viên hạng III (V.10.02.06)','Trường Thực hành Sư phạm',NULL,'3','THPT','V.10.02.06','Tổ Văn phòng','Hợp đồng không xác định thời hạn'),(207,46,'Giáo viên','Giáo viên THPT hạng III (V.07.05.15)','Trường ĐHTV',NULL,'3.33','THPT','V.07.05.15','Tổ Ngoại Ngữ - Ngữ Văn THPT','Hợp đồng không xác định thời hạn'),(208,144,'Giáo viên','Giáo viên Mầm non hạng III (V.07.02.26)','Trường Đại học Trà Vinh',NULL,'3.03','Mầm non','V.07.02.26','Tổ Nhóm - Mầm','Hợp đồng không xác định thời hạn'),(209,158,NULL,NULL,NULL,NULL,NULL,NULL,NULL,NULL,NULL),(210,103,'Cán bộ quản lý','Phó hiệu trưởng','Đại học Trà Vinh',NULL,'4.68','Tiểu học','V.07.03.28','Tổ Văn phòng','Hợp đồng không xác định thời hạn'),(211,98,'Cán bộ quản lý','Phó hiệu trưởng','Đại học Trà Vinh',NULL,'4.58','THPT','V.07.02.26','Tổ Văn phòng','Hợp đồng không xác định thời hạn'),(212,91,'Cán bộ quản lý','Hiệu trưởng','Đại học Trà Vinh',NULL,'4.65','THCS','V.07.05.15','Tổ Văn phòng','Hợp đồng không xác định thời hạn'),(215,159,'Giáo viên',NULL,NULL,NULL,NULL,NULL,NULL,NULL,NULL),(229,18,'Giáo viên HĐ','Tổ trưởng','Trường Thực hành Sư phạm','Giáo viên',NULL,'THPT',NULL,'Tổ Ngoại Ngữ - Ngữ Văn THPT','Hợp đồng không xác định thời hạn'),(230,17,NULL,NULL,NULL,NULL,NULL,NULL,NULL,NULL,NULL),(246,1,'Giáo viên','Giáo viên','Trường Thực hành Sư phạm','Giáo viên','ABC','THPT','002023','Tổ Toán - Tin THPT','Hợp đồng không xác định thời hạn');
/*!40000 ALTER TABLE `staff_positions` ENABLE KEYS */;
UNLOCK TABLES;

--
-- Table structure for table `staff_profiles`
--

DROP TABLE IF EXISTS `staff_profiles`;
/*!40101 SET @saved_cs_client     = @@character_set_client */;
/*!50503 SET character_set_client = utf8mb4 */;
CREATE TABLE `staff_profiles` (
  `id` int NOT NULL AUTO_INCREMENT,
  `user_id` int NOT NULL,
  `staff_code` varchar(50) NOT NULL,
  `gender` enum('male','female','other') DEFAULT NULL,
  `date_of_birth` date DEFAULT NULL,
  `cccd_number` varchar(20) DEFAULT NULL,
  `cccd_issue_date` date DEFAULT NULL,
  `cccd_issue_place` varchar(255) DEFAULT NULL,
  `ethnicity` varchar(100) DEFAULT NULL,
  `religion` varchar(100) DEFAULT NULL,
  `staff_status` enum('working','resigned','transferred','maternity_leave','unpaid_leave') DEFAULT 'working',
  `recruitment_date` date DEFAULT NULL,
  `created_at` datetime NOT NULL,
  `updated_at` datetime NOT NULL,
  PRIMARY KEY (`id`),
  UNIQUE KEY `user_id` (`user_id`),
  UNIQUE KEY `staff_code` (`staff_code`),
  CONSTRAINT `staff_profiles_ibfk_1` FOREIGN KEY (`user_id`) REFERENCES `users` (`id`) ON DELETE CASCADE
) ENGINE=InnoDB AUTO_INCREMENT=160 DEFAULT CHARSET=utf8mb4 COLLATE=utf8mb4_0900_ai_ci;
/*!40101 SET character_set_client = @saved_cs_client */;

--
-- Dumping data for table `staff_profiles`
--

LOCK TABLES `staff_profiles` WRITE;
/*!40000 ALTER TABLE `staff_profiles` DISABLE KEYS */;
INSERT INTO `staff_profiles` VALUES (1,7,'00002','male','2005-01-27','084204008230','2021-05-31','CCSQLHCVTTVATXH','Kinh','Phật giáo','working','2023-05-22','2026-03-12 19:27:42','2026-04-01 09:01:52'),(5,13,'8401555613','male','1987-05-12','084087001648','2021-04-21','Cục CSQLHC&TTXH','Kinh','Không','working','2014-06-01','2026-03-13 09:56:15','2026-03-15 15:29:54'),(6,14,'8413375048','male','1991-12-19','084091001190','2021-04-13','Cục CSQLHC&TTXH','Kinh','Không','working','2015-01-01','2026-03-13 10:00:32','2026-03-15 15:29:54'),(7,15,'8400631101','male','1984-12-08','084084001944','2024-12-13','Cục CSQLHC&TTXH','Kinh','Không','working','2007-01-01','2026-03-13 10:03:39','2026-03-15 15:29:54'),(8,16,'8401979501','female','1981-01-01','084181002023','1900-01-01','Cục CSQLHC&TTXH','Kinh','Không','working','2014-06-01','2026-03-13 10:07:27','2026-03-15 15:29:54'),(9,17,'8413269448','male','1976-09-15','084076001778','2021-04-13','Cục CSQLHC&TTXH','Kinh','Không','working','2004-09-01','2026-03-13 10:09:18','2026-03-15 15:29:54'),(10,18,'8413373955','female','1989-04-09','086189001273','2021-04-07','Cục CSQLHC&TTXH','Kinh','Không','working','2014-10-01','2026-03-13 10:11:02','2026-03-15 15:29:54'),(11,19,'8401553024','male','1990-02-25','084090000539','2021-03-25','Cục CSQLHC&TTXH','Kinh','Không','working','2014-01-11','2026-03-13 10:12:16','2026-03-15 15:29:54'),(12,20,'8401588437','female','1994-04-24','084194005255','2021-09-08','Cục CSQLHC&TTXH','Kinh','Không','working','2017-01-09','2026-03-13 10:13:47','2026-03-15 15:29:54'),(13,21,'8401555609','female','1982-04-10','084182002135','2021-04-13','Cục CSQLHC&TTXH','Kinh','Không','working','2013-05-02','2026-03-13 10:15:13','2026-03-15 15:29:54'),(14,22,'8431937294','male','1981-03-02','084081014493','1900-01-01','Cục CSQLHC&TTXH','Kinh','Không','working','1985-01-01','2026-03-13 10:17:37','2026-03-15 15:29:54'),(15,23,'8413364830','female','1978-09-15','084178002010','2021-04-13','Cục CSQLHC&TTXH','Kinh','Không','working','2000-10-17','2026-03-13 10:20:15','2026-03-15 15:29:54'),(16,5,'12','female','2004-02-26','084304003503','2022-01-01','Trà Vinh',NULL,NULL,'working','2022-01-01','2026-03-13 10:21:27','2026-03-13 10:31:47'),(17,8,'841231230','male',NULL,NULL,NULL,NULL,'Kinh',NULL,'working',NULL,'2026-03-14 14:22:25','2026-03-24 13:58:05'),(18,1,'8421312039','male','2004-01-27','084204008231','2019-02-22','CCSQLHCVTTXH','Kinh','Không','working','2015-02-21','2026-03-14 14:24:39','2026-03-24 08:56:13'),(19,24,'8413374696','male','1983-07-26','084083001824','2023-08-06','Cục CSQLHC&TTXH','Kinh','Không','working','2007-11-01','2026-03-15 13:56:33','2026-03-15 15:29:54'),(20,25,'8413448805','female','1974-04-11','084174001431',NULL,'Cục CSQLHC&TTXH','Kinh','Không','working','2014-08-01','2026-03-15 15:29:54','2026-03-15 15:29:54'),(21,27,'8402625990','female','1994-01-01','084194001177','2021-04-13','Cục CSQLHC&TTXH','Kinh','Không','maternity_leave','2018-11-01','2026-03-15 15:29:54','2026-03-15 15:37:26'),(22,28,'8401979516','female','1993-08-21','084193001386','2021-04-21','Cục CSQLHC&TTXH','Kinh','Phật giáo','working','2015-11-01','2026-03-15 15:29:54','2026-03-15 15:29:54'),(23,29,'8401564338','female','1978-10-15','084178002009',NULL,'Cục CSQLHC&TTXH','Kinh','Không','working','2014-06-01','2026-03-15 15:29:54','2026-03-15 15:29:54'),(24,30,'8413379057','female','1990-01-01','084190002249',NULL,'Cục CSQLHC&TTXH','Kinh','Không','working','2015-10-01','2026-03-15 15:29:54','2026-03-15 15:29:54'),(25,31,'8401554719','female','1991-08-29','084191001621','2021-04-21','Cục CSQLHC&TTXH','Kinh','Không','working','2012-12-01','2026-03-15 15:29:54','2026-03-15 15:29:54'),(26,32,'8401554627','female','1979-04-16','094179001158','2021-04-13','Cục CSQLHC&TTXH','Kinh','Không','working','2000-11-01','2026-03-15 15:29:54','2026-03-15 15:29:54'),(27,33,'8401552689','male','1978-11-23','084078002085','2021-04-13','Cục CSQLHC&TTXH','Khơ-me','Phật giáo','working','2001-10-01','2026-03-15 15:29:54','2026-03-15 15:29:54'),(28,34,'8401552707','male','1991-03-29','084091001303','2021-04-21','Cục CSQLHC&TTXH','Khơ-me','Phật giáo','working','2012-10-01','2026-03-15 15:29:54','2026-03-15 15:29:54'),(29,35,'8401552996','male','1990-11-09','084090001883','2023-03-08','Cục CSQLHC&TTXH','Khơ-me','Phật giáo','working','2014-10-01','2026-03-15 15:29:54','2026-03-15 15:29:54'),(30,36,'8421111647','female','1989-12-24','084189001971','2021-04-13','Cục CSQLHC&TTXH','Kinh','Không','working','2016-08-01','2026-03-15 15:29:54','2026-03-15 15:29:54'),(31,37,'8413269381','female','1987-10-16','084187001940','2021-04-13','Cục CSQLHC&TTXH','Kinh','Không','working','2016-08-01','2026-03-15 15:29:54','2026-03-15 15:29:54'),(32,38,'8413370234','male','1981-06-10','084081001682','2021-04-21','Cục CSQLHC&TTXH','Kinh','Không','working','2002-12-23','2026-03-15 15:29:54','2026-03-15 15:29:54'),(33,39,'8421112099','female','1986-12-24','084186002196',NULL,'Cục CSQLHC&TTXH','Kinh','Không','working','2015-08-10','2026-03-15 15:29:54','2026-03-15 15:29:54'),(34,40,'8413379789','male','1986-09-16','084086001871','2021-04-13','Cục CSQLHC&TTXH','Kinh','Không','working','2009-12-01','2026-03-15 15:29:54','2026-03-15 15:29:54'),(35,41,'8426048638','female','1979-04-19','084179002189',NULL,'Cục CSQLHC&TTXH','Kinh','Không','working','2013-09-01','2026-03-15 15:29:54','2026-03-15 15:29:54'),(36,42,'8402972195','female','1993-02-16','084193001384','2021-04-21','Cục CSQLHC&TTXH','Kinh','Không','working','2016-08-01','2026-03-15 15:29:54','2026-03-15 15:29:54'),(37,43,'8413269486','female','1991-05-19','038191018779','2024-08-23','Cục CSQLHC&TTXH','Kinh','Không','working','2014-01-10','2026-03-15 15:29:54','2026-03-15 15:29:54'),(38,44,'8401979494','female','1993-01-26','084193001385','2021-04-21','Cục CSQLHC&TTXH','Kinh','Không','working','2014-11-01','2026-03-15 15:29:54','2026-03-15 15:29:54'),(39,45,'8403068805','female','1991-09-28','084191001622','2021-04-13','Cục CSQLHC&TTXH','Kinh','Không','working','2020-10-01','2026-03-15 15:29:54','2026-03-15 15:29:54'),(40,46,'8401563000','female','1985-10-15','084185002384','2021-04-13','Cục CSQLHC&TTXH','Kinh','Công giáo','working','2015-10-01','2026-03-15 15:29:54','2026-03-15 15:29:54'),(41,47,'8402210524','female','1988-11-04','084188002108','2021-09-12','Cục CSQLHC&TTXH','Kinh','Không','working','2009-10-01','2026-03-15 15:29:54','2026-03-15 15:29:54'),(42,49,'8401566262','female','1984-06-24','084184002201','2024-07-03','Cục CSQLHC&TTXH','Kinh','Không','working','2007-01-01','2026-03-15 15:29:54','2026-03-15 15:29:54'),(43,50,'8413379366','male','1989-01-01','084089001552','2021-04-21','Cục CSQLHC&TTXH','Kinh','Phật giáo','working','2012-01-01','2026-03-15 15:29:54','2026-03-15 15:29:54'),(44,51,'8401588442','male','1993-03-15','084093001005','2021-04-13','Cục CSQLHC&TTXH','Kinh','Không','working','2018-08-01','2026-03-15 15:29:54','2026-03-15 15:29:54'),(45,52,'8401555659','male','1975-12-25','084075000256','2021-03-25','Cục CSQLHC&TTXH','Kinh','Không','working','1999-01-11','2026-03-15 15:29:54','2026-03-15 15:29:54'),(46,53,'8401555640','female','1988-01-09','084188001877','2021-04-21','Cục CSQLHC&TTXH','Hoa','Phật giáo','maternity_leave','2014-08-05','2026-03-15 15:29:55','2026-03-15 15:37:48'),(47,54,'8429005706','male','1991-11-18','084091001318','2021-04-13','Cục CSQLHC&TTXH','Kinh','Không','working','2015-10-01','2026-03-15 15:29:55','2026-03-15 15:29:55'),(48,55,'8401563425','male','1979-07-06','084079001819','2021-04-07','Cục CSQLHC&TTXH','Kinh','Không','working','2003-02-01','2026-03-15 15:29:55','2026-03-15 15:29:55'),(49,56,'8401591923','female','1987-01-01','094187003250',NULL,'Cục CSQLHC&TTXH','Khơ-me','Không','working','2015-05-03','2026-03-15 15:29:55','2026-03-15 15:29:55'),(50,57,'8401562998','female','1990-01-10','084190002248','2021-04-21','Cục CSQLHC&TTXH','Kinh','Không','working','2012-12-01','2026-03-15 15:29:55','2026-03-15 15:29:55'),(51,58,'8413375052','male','1991-12-04','086091006963','2023-04-15','Cục CSQLHC&TTXH','Kinh','Không','working','2018-12-01','2026-03-15 15:29:55','2026-03-15 15:29:55'),(52,59,'8413379791','male','1992-01-01','084092001225','2021-04-21','Cục CSQLHC&TTXH','Kinh','Không','working','2014-11-01','2026-03-15 15:29:55','2026-03-15 15:29:55'),(53,61,'8401554699','female','1986-06-15','084186002177','2021-04-21','Cục CSQLHC&TTXH','Kinh','Không','working','2007-10-01','2026-03-15 15:29:55','2026-03-15 15:29:55'),(54,62,'8413373139','male','1976-11-06','084076001564','2021-04-13','Cục CSQLHC&TTXH','Kinh','Không','working','1998-09-10','2026-03-15 15:29:55','2026-03-15 15:29:55'),(55,63,'8401563355','male','1976-01-19','086076014183','2022-12-16','Cục CSQLHC&TTXH','Kinh','Công giáo','working',NULL,'2026-03-15 15:29:55','2026-03-15 15:29:55'),(56,64,'8401555663','female','1987-11-17','084187001929','2021-04-13','Cục CSQLHC&TTXH','Kinh','Không','working','2009-09-01','2026-03-15 15:29:55','2026-03-15 15:29:55'),(57,65,'084302000359','male','2002-12-06','084302000359','2021-03-27','Cục CSQLHC&TTXH','Kinh',NULL,'working',NULL,'2026-03-15 15:29:55','2026-03-15 15:29:55'),(58,66,'8413384259','male','1992-12-21','084092001226','2021-04-13','Cục CSQLHC&TTXH','Kinh','Không','working','2014-11-01','2026-03-15 15:29:55','2026-03-15 15:29:55'),(59,67,'8413379175','female','1993-03-12','086193000712',NULL,'Cục CSQLHC&TTXH','Kinh','Không','working','2013-08-07','2026-03-15 15:29:55','2026-03-15 15:29:55'),(60,69,'8406339455','male','1991-04-15','084091001309','2021-04-13','Cục CSQLHC&TTXH','Kinh','Không','working','2017-09-01','2026-03-15 15:29:55','2026-03-15 15:29:55'),(61,70,'8401563032','male','1987-02-21','084087001826','2021-04-13','Cục CSQLHC&TTXH','Kinh','Công giáo','working','2008-10-28','2026-03-15 15:29:55','2026-03-15 15:29:55'),(62,71,'8401564340','male','1988-08-18','084088001587',NULL,'Cục CSQLHC&TTXH','Kinh','Không','working','2012-11-01','2026-03-15 15:29:55','2026-03-15 15:29:55'),(63,72,'8421095654','female','1985-08-25','089185002296',NULL,'Cục CSQLHC&TTXH','Kinh','Không','working','2017-04-26','2026-03-15 15:29:55','2026-03-15 15:29:55'),(64,73,'8406660950','female','1994-01-01','084194001185','2021-04-13','Cục CSQLHC&TTXH','Kinh','Không','working','2017-09-01','2026-03-15 15:29:55','2026-03-15 15:29:55'),(65,74,'8401555471','female','1992-06-23','084192001537','2021-04-21','Cục CSQLHC&TTXH','Kinh','Không','working','2013-12-01','2026-03-15 15:29:55','2026-03-15 15:29:55'),(66,75,'8401555692','female','1987-01-01','084187001948','2021-07-04','Cục CSQLHC&TTXH','Kinh','Không','working','2012-04-28','2026-03-15 15:29:55','2026-03-15 15:29:55'),(67,76,'8421095020','female','1990-01-01','084190000308',NULL,'Cục CSQLHC&TTXH','Kinh','Không','working','2014-12-04','2026-03-15 15:29:55','2026-03-15 15:29:55'),(68,77,'8401552802','female','1980-08-28','084180002425','2021-04-13','Cục CSQLHC&TTXH','Kinh','Không','working','2004-01-02','2026-03-15 15:29:55','2026-03-15 15:29:55'),(69,78,'8413364665','female','1977-08-20','033177005667','2024-05-16','Cục CSQLHC&TTXH','Kinh','Không','working','2000-01-03','2026-03-15 15:29:55','2026-03-15 15:29:55'),(70,79,'8436993799','female','1999-03-03','086199004247','2024-04-15','Cục CSQLHC&TTXH','Kinh','Không','working','2024-08-01','2026-03-15 15:29:55','2026-03-15 15:29:55'),(71,80,'8403241648','female','1997-12-07','084197000723','2021-04-04','Cục CSQLHC&TTXH','Kinh','Không','working','2021-06-01','2026-03-15 15:29:55','2026-03-15 15:29:55'),(72,81,'8429000057','female','1998-03-16','084198006381','2022-05-30','Cục CSQLHC&TTXH','Kinh','Không','working','2024-02-01','2026-03-15 15:29:55','2026-03-15 15:29:55'),(73,82,'8421108810','female','1993-09-21','086193000565',NULL,'Cục CSQLHC&TTXH','Kinh','Không','working','2019-08-15','2026-03-15 15:29:55','2026-03-15 15:29:55'),(74,83,'8413400765','female','1991-10-12','084191001624','2021-04-13','Cục CSQLHC&TTXH','Kinh','Không','working','2012-12-01','2026-03-15 15:29:55','2026-03-15 15:29:55'),(75,84,'8401564264','female','1990-04-09','084190002045','2021-04-13','Cục CSQLHC&TTXH','Kinh','Không','working','2014-01-14','2026-03-15 15:29:55','2026-03-15 15:29:55'),(76,85,'8401553189','female','1978-01-10','084178002256','2021-04-21','Cục CSQLHC&TTXH','Kinh','Không','working','2000-10-01','2026-03-15 15:29:55','2026-03-15 15:29:55'),(77,86,'8403035031','female','1989-10-10','084189001785','2021-04-21','Cục CSQLHC&TTXH','Kinh','Công giáo','working','2014-11-01','2026-03-15 15:29:55','2026-03-15 15:29:55'),(78,87,'8413379599','female','1994-08-12','084194001184','2021-04-24','Cục CSQLHC&TTXH','Kinh','Không','working','2015-11-01','2026-03-15 15:29:55','2026-03-15 15:29:55'),(79,88,'084303101821','female','2003-07-20','084303101821','2021-06-21','C06','Kinh','Không','working','2014-10-01','2026-03-15 15:29:55','2026-03-15 15:29:55'),(80,89,'8421109516','female','1995-10-22','084195011139',NULL,'Cục CSQLHC&TTXH','Kinh','Không','working','2014-11-01','2026-03-15 15:29:55','2026-03-15 15:29:55'),(81,90,'8402965555','female','1994-11-10','084194001183','2021-04-13','Cục CSQLHC&TTXH','Kinh','Công giáo','working','2018-08-01','2026-03-15 15:29:55','2026-03-15 15:29:55'),(82,91,'8421110399','female','1999-01-01','084199000881',NULL,'Cục CSQLHC&TTXH','Kinh','Không','working','2020-01-01','2026-03-15 15:29:55','2026-03-15 15:29:55'),(83,92,'8401555566','female','1992-01-19','084192001552','2021-04-21','Cục CSQLHC&TTXH','Kinh','Không','working','2013-12-01','2026-03-15 15:29:55','2026-03-15 15:29:55'),(84,166,'8421113030','female','1996-01-01','084196000434',NULL,'Cục CSQLHC&TTXH','Kinh','Không','working','2015-08-07','2026-03-15 15:29:55','2026-03-15 15:29:55'),(85,93,'8421111718','female','1995-02-12','084195000893',NULL,'Cục CSQLHC&TTXH','Kinh','Không','working','2019-08-01','2026-03-15 15:29:55','2026-03-15 15:29:55'),(86,94,'8413379656','female','1978-12-12','087178001507',NULL,'Cục CSQLHC&TTXH','Kinh','Không','working','2013-10-23','2026-03-15 15:29:55','2026-03-15 15:29:55'),(87,95,'8413400599','female','1984-02-03','084184002444',NULL,'Cục CSQLHC&TTXH','Kinh','Không','working','2013-08-14','2026-03-15 15:29:55','2026-03-15 15:29:55'),(88,96,'8401554630','female','1989-06-20','084189001991','2021-04-21','Cục CSQLHC&TTXH','Kinh','Không','working','2012-01-12','2026-03-15 15:29:55','2026-03-15 15:29:55'),(89,98,'8601561745','male','1981-10-20','086081005850','2022-06-22','Cục CSQLHC&TTXH','Kinh','Không','working','2018-09-03','2026-03-15 15:29:55','2026-03-15 15:29:55'),(90,99,'8429039920','male','1982-07-24','084082002167','2021-04-21','Cục CSQLHC&TTXH','Kinh','Không','working','2016-07-01','2026-03-15 15:29:55','2026-03-15 15:29:55'),(91,100,'8413269513','male','1978-11-19','084078002097',NULL,'Cục CSQLHC&TTXH','Kinh','Không','working',NULL,'2026-03-15 15:29:55','2026-03-15 15:41:58'),(92,101,'8402645824','female','1983-10-02','084183002220',NULL,'Cục CSQLHC&TTXH','Kinh','Không','working','2016-05-09','2026-03-15 15:29:55','2026-03-15 15:29:55'),(93,102,'8406719604','female','2000-05-14','079300028343','2022-12-05','Cục CSQLHC&TTXH','Kinh','Không','working','2023-09-01','2026-03-15 15:29:55','2026-03-15 15:29:55'),(94,103,'8413397367','female','1992-03-01','084192001550','2021-04-21','Cục CSQLHC&TTXH','Kinh','Không','working','2016-08-01','2026-03-15 15:29:55','2026-03-15 15:29:55'),(95,104,'8401555457','female','1989-11-19','084189001967','2021-04-21','Cục CSQLHC&TTXH','Kinh','Không','working','2012-12-01','2026-03-15 15:29:55','2026-03-15 15:29:55'),(96,105,'8413379144','female','1995-12-30','084195001036','2021-04-21','Cục CSQLHC&TTXH','Kinh','Không','working','2017-03-01','2026-03-15 15:29:55','2026-03-15 15:29:55'),(97,106,'8421113220','female','1995-11-04','084195001037','2023-11-28','Cục CSQLHC&TTXH','Kinh','Không','working','2016-09-01','2026-03-15 15:29:55','2026-03-15 15:29:55'),(98,107,'8401552647','female','1980-05-06','084180002426','2021-04-13','Cục CSQLHC&TTXH','Kinh','Không','working',NULL,'2026-03-15 15:29:55','2026-03-15 15:41:36'),(99,108,'084199000751','female','1999-01-29','084199000751','2022-03-16','Cục CSQLHC&TTXH','Kinh','Không','working',NULL,'2026-03-15 15:29:55','2026-03-15 15:29:55'),(100,109,'8402645826','female','1978-12-05','084178001737',NULL,'Cục CSQLHC&TTXH','Kinh','Không','working',NULL,'2026-03-15 15:29:55','2026-03-15 15:29:55'),(101,110,'8405961009','female','1998-02-19','084198000703','2021-04-13','Cục CSQLHC&TTXH','Kinh','Không','working','2024-08-01','2026-03-15 15:29:55','2026-03-15 15:29:55'),(102,111,'8402645825','female','1988-01-01','086188001444',NULL,'Cục CSQLHC&TTXH','Kinh','Không','working','2014-12-14','2026-03-15 15:29:55','2026-03-15 15:29:55'),(103,112,'8401552674','female','1979-12-22','084179001433','2021-04-10','Cục CSQLHC&TTXH','Kinh','Không','working',NULL,'2026-03-15 15:29:55','2026-03-15 15:40:48'),(104,113,'8401564330','female','1975-01-01','084175001479',NULL,'Cục CSQLHC&TTXH','Khơ-me','Không','working','2010-04-01','2026-03-15 15:29:55','2026-03-15 15:29:55'),(105,114,'8413397510','female','1993-02-19','084193001387','2021-04-21','Cục CSQLHC&TTXH','Khơ-me','Phật giáo','working',NULL,'2026-03-15 15:29:55','2026-03-15 15:29:55'),(106,115,'8413380265','male','1987-01-01','093087007929','2022-12-16','Cục CSQLHC&TTXH','Kinh','Không','working','2018-11-01','2026-03-15 15:29:55','2026-03-15 15:29:55'),(107,116,'8421112286','male','1990-01-01','084090001694',NULL,'Cục CSQLHC&TTXH','Khơ-me','Phật giáo','working','2023-08-01','2026-03-15 15:29:56','2026-03-15 15:29:56'),(108,117,'8413379362','female','1993-12-11','084193001388','1993-12-11','Cục CSQLHC&TTXH','Khơ-me','Phật giáo','working',NULL,'2026-03-15 15:29:56','2026-03-15 15:29:56'),(109,118,'8401564343','female','1983-10-03','084183001994',NULL,'Cục CSQLHC&TTXH','Khơ-me','Phật giáo','working','2016-10-01','2026-03-15 15:29:56','2026-03-15 15:29:56'),(110,119,'8401563105','male','1993-08-10','084093001123','2021-04-13','Cục CSQLHC&TTXH','Kinh','Không','working','2015-11-01','2026-03-15 15:29:56','2026-03-15 15:29:56'),(111,120,'8401555586','female','1986-11-10','084186002179','2021-04-13','Cục CSQLHC&TTXH','Kinh','Không','working','2017-09-01','2026-03-15 15:29:56','2026-03-15 15:29:56'),(112,121,'8401979528','male','1992-11-17','084092001261','2021-04-21','Cục CSQLHC&TTXH','Kinh','Không','working','2015-11-01','2026-03-15 15:29:56','2026-03-15 15:29:56'),(113,122,'8421112957','female','1976-08-08','084176006387',NULL,'Cục CSQLHC&TTXH','Kinh','Không','working','2022-06-01','2026-03-15 15:29:56','2026-03-15 15:29:56'),(114,123,'7903065170','female','1980-11-16','084180000311',NULL,'Cục CSQLHC&TTXH','Khơ-me','Không','working','2025-04-01','2026-03-15 15:29:56','2026-03-15 15:29:56'),(115,124,'8402970869','female','1994-04-14','084194001200','2021-04-11','Cục CSQLHC&TTXH','Kinh','Không','working','2017-03-01','2026-03-15 15:29:56','2026-03-15 15:29:56'),(116,125,'8421110195','female','1990-03-21','084190002246',NULL,'Cục CSQLHC&TTXH','Kinh','Không','working',NULL,'2026-03-15 15:29:56','2026-03-15 15:29:56'),(117,126,'8421112573','male','1997-09-26','084097000798','2021-04-07','Cục CSQLHC&TTXH','Kinh','Phật giáo','working','2020-06-01','2026-03-15 15:29:56','2026-03-15 15:29:56'),(118,127,'8421112536','male','1989-04-24','084089011884',NULL,'Cục CSQLHC&TTXH','Kinh','Không','working','2023-08-01','2026-03-15 15:29:56','2026-03-15 15:29:56'),(119,128,'8413364702','male','1984-01-01','084084001926','2024-02-20','Cục CSQLHC&TTXH','Kinh','Không','working','2007-10-01','2026-03-15 15:29:56','2026-03-15 15:29:56'),(120,129,'8401059548','male','1983-12-11','086083005809','2022-05-16','Cục CSQLHC&TTXH','Kinh','Công giáo','working','2006-01-09','2026-03-15 15:29:56','2026-03-15 15:29:56'),(121,130,'8400671364','female','1978-08-12','084178002026','2021-04-07','Cục CSQLHC&TTXH','Kinh','Phật giáo','working','2001-10-01','2026-03-15 15:29:56','2026-03-15 15:29:56'),(122,131,'8403241672','female','1993-09-18','084193002317','2021-04-25','Cục CSQLHC&TTXH','Hoa','Không','working','2021-06-01','2026-03-15 15:29:56','2026-03-15 15:29:56'),(123,132,'8401563333','male','1980-05-20','084080001907','2021-04-07','Cục CSQLHC&TTXH','Kinh','Không','working','2014-06-01','2026-03-15 15:29:56','2026-03-15 15:29:56'),(124,133,'8413374978','male','1990-07-17','084090001871','2021-04-13','Cục CSQLHC&TTXH','Kinh','Không','working',NULL,'2026-03-15 15:29:56','2026-03-15 15:29:56'),(125,134,'8429076341','female','1971-03-22','083171015296','2022-12-16','Cục CSQLHC&TTXH','Kinh','Không','working','1993-08-01','2026-03-15 15:29:56','2026-03-15 15:29:56'),(126,135,'8429106446','female','1986-05-05','086186005086',NULL,'Cục CSQLHC&TTXH','Kinh','Không','working','2023-01-09','2026-03-15 15:29:56','2026-03-15 15:29:56'),(127,136,'8421111898','female','1987-01-16','084187002162',NULL,'Cục CSQLHC&TTXH','Kinh','Không','working','2017-01-08','2026-03-15 15:29:56','2026-03-15 15:29:56'),(128,137,'8401555670','female','1990-06-20','084190001880','2021-04-20','Cục CSQLHC&TTXH','Kinh','Không','working','2014-08-01','2026-03-15 15:29:56','2026-03-15 15:29:56'),(129,138,'8401593029','female','1986-05-01','084186001966','2021-04-13','Cục CSQLHC&TTXH','Kinh','Không','working','2018-08-01','2026-03-15 15:29:56','2026-03-15 15:29:56'),(130,139,'8421113081','female','1979-05-12','084179001412',NULL,'Cục CSQLHC&TTXH','Kinh','Không','working','2015-11-01','2026-03-15 15:29:56','2026-03-15 15:29:56'),(131,140,'8429000397','female','1996-01-14','084196000454','2021-04-08','Cục CSQLHC&TTXH','Kinh','Không','working','2024-02-01','2026-03-15 15:29:56','2026-03-15 15:29:56'),(132,141,'8413448689','male','1984-11-05','084084002154','2025-01-06','Cục CSQLHC&TTXH','Kinh','Không','working','2008-08-01','2026-03-15 15:29:56','2026-03-15 15:29:56'),(133,142,'8402590561','female','1987-08-26','084187001175','2021-04-10','Cục CSQLHC&TTXH','Kinh','Phật giáo','working','2016-10-25','2026-03-15 15:29:56','2026-03-15 15:29:56'),(134,143,'8413364666','female','1984-12-16','089184024745','2024-12-13','Cục CSQLHC&TTXH','Kinh','Không','working','2006-01-09','2026-03-15 15:29:56','2026-03-15 15:29:56'),(135,144,'8406660030','female','1993-06-10','084193001403','2021-04-13','Cục CSQLHC&TTXH','Kinh','Không','working','2015-01-01','2026-03-15 15:29:56','2026-03-15 15:29:56'),(136,145,'8403199370','female','1993-09-18','084193001251','2021-04-13','Cục CSQLHC&TTXH','Kinh','Không','working','2023-09-01','2026-03-15 15:29:56','2026-03-15 15:29:56'),(137,146,'8400702930','female','1986-12-12','084186002176','2021-04-21','Cục CSQLHC&TTXH','Kinh','Không','working',NULL,'2026-03-15 15:29:56','2026-03-15 15:29:56'),(138,147,'084303000986','female','2003-01-21','084303000986','2021-03-25','C06','Kinh','Không','working',NULL,'2026-03-15 15:29:56','2026-03-15 15:29:56'),(139,148,'8401979496','male','1982-10-10','084082001982','2021-04-13','Cục CSQLHC&TTXH','Kinh','Cao Đài','working','2004-10-24','2026-03-15 15:29:56','2026-03-15 15:29:56'),(140,149,'8401555603','female','1988-10-30','084188001883','2021-04-13','Cục CSQLHC&TTXH','Kinh','Không','working','2013-01-03','2026-03-15 15:29:56','2026-03-15 15:29:56'),(141,150,'8403243713','male','1993-12-19','084093001122','2021-04-13','Cục CSQLHC&TTXH','Kinh','Không','working','2015-11-01','2026-03-15 15:29:56','2026-03-15 15:29:56'),(142,151,'8421108660','female','1989-10-16','084189001966',NULL,'Cục CSQLHC&TTXH','Kinh','Không','working','2015-10-29','2026-03-15 15:29:56','2026-03-15 15:29:56'),(143,152,'8421108983','female','1991-03-12','084191001623',NULL,'Cục CSQLHC&TTXH','Kinh','Không','working','2018-09-10','2026-03-15 15:29:56','2026-03-15 15:29:56'),(144,153,'8421059457','female','1992-04-30','084192001539','2021-04-13','Cục CSQLHC&TTXH','Kinh','Không','maternity_leave','2013-12-01','2026-03-15 15:29:56','2026-03-15 15:38:09'),(145,154,'8441031704','male','1968-10-25','084068013912',NULL,'Cục CSQLHC&TTXH','Kinh','Không','working','2018-04-01','2026-03-15 15:29:56','2026-03-15 15:29:56'),(146,167,'8416503075','male','1998-04-03','084098000708','2023-05-03','Cục CSQLHC&TTXH','Kinh','Không','working','2020-09-01','2026-03-15 15:29:56','2026-03-15 15:29:56'),(147,155,'8413364668','female','1988-02-12','084188000448','2021-02-22','Cục CSQLHC&TTXH','Kinh','Công giáo','working','2014-01-06','2026-03-15 15:29:56','2026-03-15 15:29:56'),(148,156,'8435674584','male','1998-11-22','084098007778','2021-12-09','Cục CSQLHC&TTXH','Kinh','Không','working','2024-08-01','2026-03-15 15:29:56','2026-03-15 15:29:56'),(149,157,'8401564332','male','1973-02-09','084073001271',NULL,'Cục CSQLHC&TTXH','Kinh','Không','working','2006-06-01','2026-03-15 15:29:56','2026-03-15 15:29:56'),(150,158,'8413364765','female','1984-01-09','084184002180','2021-04-07','Cục CSQLHC&TTXH','Kinh','Không','working','2006-11-01','2026-03-15 15:29:56','2026-03-15 15:29:56'),(151,159,'8401566265','female','1989-01-01','084189001970','2021-04-21','Cục CSQLHC&TTXH','Kinh','Không','working','2009-10-01','2026-03-15 15:29:56','2026-03-15 15:29:56'),(152,160,'8401554199','female','1978-05-13','084178002011','2021-04-07','Cục CSQLHC&TTXH','Kinh','Không','working','2000-10-17','2026-03-15 15:29:56','2026-03-15 15:29:56'),(153,161,'8401566269','female','1973-07-24','084173000935','2021-04-03','Cục CSQLHC&TTXH','Kinh','Không','working','2000-11-01','2026-03-15 15:29:56','2026-03-15 15:29:56'),(154,162,'8401591919','female','1972-01-15','084172001751',NULL,'Cục CSQLHC&TTXH','Kinh','Không','working',NULL,'2026-03-15 15:29:56','2026-03-15 15:29:56'),(155,163,'8401554713','female','1988-09-09','084188002087','2021-04-21','Cục CSQLHC&TTXH','Kinh','Không','working','2012-09-01','2026-03-15 15:29:56','2026-03-15 15:29:56'),(156,164,'8431939437','female','1979-04-20','084179011466',NULL,'Cục CSQLHC&TTXH','Kinh','Không','working','2023-02-01','2026-03-15 15:29:56','2026-03-15 15:29:56'),(157,165,'8401979499','female','1986-09-30','084186002197','2021-04-13','Cục CSQLHC&TTXH','Kinh','Không','working',NULL,'2026-03-15 15:29:56','2026-03-15 15:29:56'),(158,60,'8402301239',NULL,NULL,NULL,NULL,NULL,NULL,NULL,'resigned',NULL,'2026-03-15 15:39:10','2026-03-15 15:39:10'),(159,10,'01','female','2004-02-17','084304010722','2021-05-10','Cục CS về TT','Kinh','Thiên Chúa Giáo','working','2022-01-11','2026-03-18 08:13:35','2026-03-18 08:14:35');
/*!40000 ALTER TABLE `staff_profiles` ENABLE KEYS */;
UNLOCK TABLES;

--
-- Table structure for table `staff_qualifications`
--

DROP TABLE IF EXISTS `staff_qualifications`;
/*!40101 SET @saved_cs_client     = @@character_set_client */;
/*!50503 SET character_set_client = utf8mb4 */;
CREATE TABLE `staff_qualifications` (
  `id` int NOT NULL AUTO_INCREMENT,
  `staff_profile_id` int NOT NULL,
  `general_education_level` varchar(100) DEFAULT NULL,
  `professional_level` varchar(255) DEFAULT NULL,
  `major` varchar(255) DEFAULT NULL,
  `training_place` varchar(255) DEFAULT NULL,
  `graduation_year` int DEFAULT NULL,
  `it_level` varchar(100) DEFAULT NULL,
  `foreign_language_level` varchar(100) DEFAULT NULL,
  PRIMARY KEY (`id`),
  KEY `staff_profile_id` (`staff_profile_id`),
  CONSTRAINT `staff_qualifications_ibfk_1` FOREIGN KEY (`staff_profile_id`) REFERENCES `staff_profiles` (`id`) ON DELETE CASCADE
) ENGINE=InnoDB AUTO_INCREMENT=219 DEFAULT CHARSET=utf8mb4 COLLATE=utf8mb4_0900_ai_ci;
/*!40101 SET character_set_client = @saved_cs_client */;

--
-- Dumping data for table `staff_qualifications`
--

LOCK TABLES `staff_qualifications` WRITE;
/*!40000 ALTER TABLE `staff_qualifications` DISABLE KEYS */;
INSERT INTO `staff_qualifications` VALUES (37,5,'12/12','12/12',NULL,NULL,NULL,NULL,NULL),(38,6,'12/12','12/12',NULL,NULL,NULL,NULL,NULL),(39,7,'12/12','12/12',NULL,NULL,NULL,NULL,NULL),(40,8,'12/12','12/12',NULL,NULL,NULL,NULL,NULL),(41,9,'12/12','12/12',NULL,NULL,NULL,NULL,NULL),(42,10,'12/12','12/12',NULL,NULL,NULL,NULL,NULL),(43,13,'12/12','12/12',NULL,NULL,NULL,NULL,NULL),(44,14,'12/12','12/12',NULL,NULL,NULL,NULL,NULL),(45,15,'12/12','12/12',NULL,NULL,NULL,NULL,NULL),(46,20,'12/12','12/12',NULL,NULL,NULL,NULL,NULL),(48,22,'12/12','12/12',NULL,NULL,NULL,NULL,NULL),(49,19,'12/12','12/12',NULL,NULL,NULL,NULL,NULL),(50,23,'12/12','12/12',NULL,NULL,NULL,NULL,NULL),(51,24,'12/12','12/12',NULL,NULL,NULL,NULL,NULL),(52,25,'12/12','12/12',NULL,NULL,NULL,NULL,NULL),(53,26,'12/12','12/12',NULL,NULL,NULL,NULL,NULL),(54,27,'12/12','12/12',NULL,NULL,NULL,NULL,NULL),(55,28,'12/12','12/12',NULL,NULL,NULL,NULL,NULL),(56,29,'12/12','12/12',NULL,NULL,NULL,NULL,NULL),(57,30,'12/12','12/12',NULL,NULL,NULL,NULL,NULL),(58,31,'12/12','12/12',NULL,NULL,NULL,NULL,NULL),(59,32,'12/12','12/12',NULL,NULL,NULL,NULL,NULL),(60,33,'12/12','12/12',NULL,NULL,NULL,NULL,NULL),(61,34,'12/12','12/12',NULL,NULL,NULL,NULL,NULL),(62,35,'12/12','12/12',NULL,NULL,NULL,NULL,NULL),(63,36,'12/12','12/12',NULL,NULL,NULL,NULL,NULL),(64,37,'12/12','12/12',NULL,NULL,NULL,NULL,NULL),(65,38,'12/12','12/12',NULL,NULL,NULL,NULL,NULL),(66,39,'12/12','12/12',NULL,NULL,NULL,NULL,NULL),(67,40,'12/12','12/12',NULL,NULL,NULL,NULL,NULL),(68,41,'12/12','12/12',NULL,NULL,NULL,NULL,NULL),(69,42,'12/12','12/12',NULL,NULL,NULL,NULL,NULL),(70,43,'12/12','12/12',NULL,NULL,NULL,NULL,NULL),(71,45,'12/12','12/12',NULL,NULL,NULL,NULL,NULL),(73,47,'12/12','12/12',NULL,NULL,NULL,NULL,NULL),(74,48,'12/12','12/12',NULL,NULL,NULL,NULL,NULL),(75,49,'12/12','12/12',NULL,NULL,NULL,NULL,NULL),(76,50,'12/12','12/12',NULL,NULL,NULL,NULL,NULL),(77,51,'12/12','12/12',NULL,NULL,NULL,NULL,NULL),(78,52,'12/12','12/12',NULL,NULL,NULL,NULL,NULL),(79,53,'12/12','12/12',NULL,NULL,NULL,NULL,NULL),(80,54,'12/12','12/12',NULL,NULL,NULL,NULL,NULL),(81,55,'12/12','12/12',NULL,NULL,NULL,NULL,NULL),(82,56,'12/12','12/12',NULL,NULL,NULL,NULL,NULL),(83,57,NULL,'Đại học',NULL,'Trường Đại học Trà Vinh',NULL,NULL,NULL),(84,58,'12/12','12/12',NULL,NULL,NULL,NULL,NULL),(85,59,'12/12','12/12',NULL,NULL,NULL,NULL,NULL),(86,60,'12/12','12/12',NULL,NULL,NULL,NULL,NULL),(87,61,'12/12','12/12',NULL,NULL,NULL,NULL,NULL),(88,62,'12/12','12/12',NULL,NULL,NULL,NULL,NULL),(89,63,'12/12','12/12',NULL,NULL,NULL,NULL,NULL),(90,64,'12/12','12/12',NULL,NULL,NULL,NULL,NULL),(91,65,'12/12','12/12',NULL,NULL,NULL,NULL,NULL),(92,66,'12/12','12/12',NULL,NULL,NULL,NULL,NULL),(93,67,'12/12','12/12',NULL,NULL,NULL,NULL,NULL),(94,68,'12/12','12/12',NULL,NULL,NULL,NULL,NULL),(95,69,'12/12','12/12',NULL,NULL,NULL,NULL,NULL),(96,70,'12/12','12/12',NULL,NULL,NULL,NULL,NULL),(97,71,'12/12','12/12',NULL,NULL,NULL,NULL,NULL),(98,72,'12/12','12/12',NULL,NULL,NULL,NULL,NULL),(99,73,'12/12','12/12',NULL,NULL,NULL,NULL,NULL),(100,74,'12/12','12/12',NULL,NULL,NULL,NULL,NULL),(101,75,'12/12','12/12',NULL,NULL,NULL,NULL,NULL),(102,76,'12/12','12/12',NULL,NULL,NULL,NULL,NULL),(103,77,'12/12','12/12',NULL,NULL,NULL,NULL,NULL),(104,78,'12/12','12/12',NULL,NULL,NULL,NULL,NULL),(105,79,'12/12','12/12',NULL,NULL,NULL,NULL,NULL),(106,80,'12/12','12/12',NULL,NULL,NULL,NULL,NULL),(107,81,'12/12','12/12',NULL,NULL,NULL,NULL,NULL),(108,82,'12/12','12/12',NULL,NULL,NULL,NULL,NULL),(109,84,'12/12','12/12',NULL,NULL,NULL,NULL,NULL),(110,85,'12/12','12/12',NULL,NULL,NULL,NULL,NULL),(111,86,'12/12','12/12',NULL,NULL,NULL,NULL,NULL),(112,87,'12/12','12/12',NULL,NULL,NULL,NULL,NULL),(113,88,'12/12','12/12',NULL,NULL,NULL,NULL,NULL),(114,89,'12/12','12/12',NULL,NULL,NULL,NULL,NULL),(115,90,'12/12','12/12',NULL,NULL,NULL,NULL,NULL),(116,92,'12/12','12/12',NULL,NULL,NULL,NULL,NULL),(117,93,'12/12','12/12',NULL,NULL,NULL,NULL,NULL),(118,94,'12/12','12/12',NULL,NULL,NULL,NULL,NULL),(119,95,'12/12','12/12',NULL,NULL,NULL,NULL,NULL),(120,97,'12/12','12/12',NULL,NULL,NULL,NULL,NULL),(121,99,'12/11','12/11',NULL,NULL,NULL,NULL,NULL),(122,100,'12/12','12/12',NULL,NULL,NULL,NULL,NULL),(123,101,'12/12','12/12',NULL,NULL,NULL,NULL,NULL),(124,102,'12/12','12/12',NULL,NULL,NULL,NULL,NULL),(125,104,'12/12','12/12',NULL,NULL,NULL,NULL,NULL),(126,105,'12/12','12/12',NULL,NULL,NULL,NULL,NULL),(127,106,'12/12','12/12',NULL,NULL,NULL,NULL,NULL),(128,107,'12/12','12/12',NULL,NULL,NULL,NULL,NULL),(129,108,'12/12','12/12',NULL,NULL,NULL,NULL,NULL),(130,109,'12/12','12/12',NULL,NULL,NULL,NULL,NULL),(131,110,'12/12','12/12',NULL,NULL,NULL,NULL,NULL),(132,111,'12/12','12/12',NULL,NULL,NULL,NULL,NULL),(133,112,'12/12','12/12',NULL,NULL,NULL,NULL,NULL),(134,113,'12/12','12/12',NULL,NULL,NULL,NULL,NULL),(135,114,'12/12','12/12',NULL,NULL,NULL,NULL,NULL),(136,115,'12/12','12/12',NULL,NULL,NULL,NULL,NULL),(137,116,'12/12','12/12',NULL,NULL,NULL,NULL,NULL),(138,117,'12/12','12/12',NULL,NULL,NULL,NULL,NULL),(139,118,'12/12','12/12',NULL,NULL,NULL,NULL,NULL),(140,119,'12/12','12/12',NULL,NULL,NULL,NULL,NULL),(141,120,'12/12','12/12',NULL,NULL,NULL,NULL,NULL),(142,121,'12/12','12/12',NULL,NULL,NULL,NULL,NULL),(143,122,'12/12','12/12',NULL,NULL,NULL,NULL,NULL),(144,123,'12/12','12/12',NULL,NULL,NULL,NULL,NULL),(145,124,'12/12','12/12',NULL,NULL,NULL,NULL,NULL),(146,125,'12/12','12/12',NULL,NULL,NULL,NULL,NULL),(147,126,'12/12','12/12',NULL,NULL,NULL,NULL,NULL),(148,127,'12/12','12/12',NULL,NULL,NULL,NULL,NULL),(149,128,'12/12','12/12',NULL,NULL,NULL,NULL,NULL),(150,129,'12/12','12/12',NULL,NULL,NULL,NULL,NULL),(151,130,'12/12','12/12',NULL,NULL,NULL,NULL,NULL),(152,131,'12/12','12/12',NULL,NULL,NULL,NULL,NULL),(153,132,'12/12','12/12',NULL,NULL,NULL,NULL,NULL),(154,133,'12/12','12/12',NULL,NULL,NULL,NULL,NULL),(155,134,'12/12','12/12',NULL,NULL,NULL,NULL,NULL),(156,135,'12/12','12/12',NULL,NULL,NULL,NULL,NULL),(157,136,'12/12','12/12',NULL,NULL,NULL,NULL,NULL),(158,137,'12/12','12/12',NULL,NULL,NULL,NULL,NULL),(159,138,'12/12','Cử nhân',NULL,'Trường Đại học Trà Vinh',NULL,NULL,NULL),(160,140,'12/12','12/12',NULL,NULL,NULL,NULL,NULL),(161,141,'12/12','12/12',NULL,NULL,NULL,NULL,NULL),(162,142,'12/12','12/12',NULL,NULL,NULL,NULL,NULL),(163,143,'12/12','12/12',NULL,NULL,NULL,NULL,NULL),(165,145,'12/12','12/12',NULL,NULL,NULL,NULL,NULL),(166,146,'12/12','12/12',NULL,NULL,NULL,NULL,NULL),(167,147,'12/12','12/12',NULL,NULL,NULL,NULL,NULL),(168,148,'12/12','12/12',NULL,NULL,NULL,NULL,NULL),(169,149,'12/12','12/12',NULL,NULL,NULL,NULL,NULL),(170,150,'12/12','12/12',NULL,NULL,NULL,NULL,NULL),(171,151,'12/12','12/12',NULL,NULL,NULL,NULL,NULL),(172,152,'12/12','12/12',NULL,NULL,NULL,NULL,NULL),(173,153,'12/12','12/12',NULL,NULL,NULL,NULL,NULL),(174,154,'12/12','12/12',NULL,NULL,NULL,NULL,NULL),(175,155,'12/12','12/12',NULL,NULL,NULL,NULL,NULL),(176,156,'12/12','12/12',NULL,NULL,NULL,NULL,NULL),(177,157,'12/12','12/12',NULL,NULL,NULL,NULL,NULL),(178,21,'12/12','12/12',NULL,NULL,NULL,NULL,NULL),(179,46,'12/12','12/12',NULL,NULL,NULL,NULL,NULL),(180,144,'12/12','12/12',NULL,NULL,NULL,NULL,NULL),(181,158,NULL,NULL,NULL,NULL,NULL,NULL,NULL),(182,103,NULL,NULL,NULL,NULL,NULL,NULL,NULL),(183,98,NULL,NULL,NULL,NULL,NULL,NULL,NULL),(184,91,NULL,NULL,NULL,NULL,NULL,NULL,NULL),(187,159,NULL,NULL,NULL,NULL,NULL,NULL,NULL),(201,18,NULL,NULL,NULL,NULL,NULL,NULL,NULL),(202,17,NULL,NULL,NULL,NULL,NULL,NULL,NULL),(218,1,'12/12','Kỹ sư','Kỹ thuật phần mềm','Đại học Trà Vinh',2026,'Ứng dụng CNTT nâng cao','Bậc 3 (B1)');
/*!40000 ALTER TABLE `staff_qualifications` ENABLE KEYS */;
UNLOCK TABLES;

--
-- Table structure for table `staff_salaries`
--

DROP TABLE IF EXISTS `staff_salaries`;
/*!40101 SET @saved_cs_client     = @@character_set_client */;
/*!50503 SET character_set_client = utf8mb4 */;
CREATE TABLE `staff_salaries` (
  `id` int NOT NULL AUTO_INCREMENT,
  `staff_profile_id` int NOT NULL,
  `salary_coefficient` decimal(5,2) DEFAULT NULL,
  `salary_level` int DEFAULT NULL,
  `base_salary` bigint DEFAULT NULL,
  `salary_start_date` date DEFAULT NULL,
  `union_allowance_percent` decimal(5,2) DEFAULT NULL,
  `seniority_allowance_percent` decimal(5,2) DEFAULT NULL,
  `incentive_allowance_percent` decimal(5,2) DEFAULT NULL,
  `position_allowance_percent` decimal(5,2) DEFAULT NULL,
  `salary_note` text,
  PRIMARY KEY (`id`),
  KEY `staff_profile_id` (`staff_profile_id`),
  CONSTRAINT `staff_salaries_ibfk_1` FOREIGN KEY (`staff_profile_id`) REFERENCES `staff_profiles` (`id`) ON DELETE CASCADE
) ENGINE=InnoDB AUTO_INCREMENT=227 DEFAULT CHARSET=utf8mb4 COLLATE=utf8mb4_0900_ai_ci;
/*!40101 SET character_set_client = @saved_cs_client */;

--
-- Dumping data for table `staff_salaries`
--

LOCK TABLES `staff_salaries` WRITE;
/*!40000 ALTER TABLE `staff_salaries` DISABLE KEYS */;
INSERT INTO `staff_salaries` VALUES (37,5,3.33,4,2340000,'2025-12-01',NULL,11.00,35.00,NULL,NULL),(38,6,3.03,4,2340000,'2024-10-01',NULL,NULL,NULL,NULL,NULL),(39,7,3.99,6,2340000,'2023-01-01',NULL,8.00,35.00,0.25,NULL),(40,8,1.20,8,4410000,NULL,NULL,NULL,NULL,NULL,NULL),(41,9,4.65,8,2340000,'2022-09-01',NULL,NULL,NULL,0.25,NULL),(42,10,3.33,1,2340000,'2024-11-01',NULL,NULL,NULL,NULL,NULL),(43,11,3.33,4,2340000,'2024-10-01',0.25,10.00,35.00,NULL,NULL),(44,12,3.00,3,2340000,'2025-12-01',0.15,7.00,35.00,NULL,NULL),(45,13,4.00,1,2340000,'2024-01-01',NULL,11.00,35.00,NULL,NULL),(46,14,1.00,1,4410000,NULL,NULL,NULL,NULL,NULL,NULL),(47,15,4.98,9,2340000,'2022-02-01',NULL,24.00,35.00,0.15,NULL),(48,20,1.20,8,4410000,NULL,NULL,NULL,NULL,NULL,NULL),(50,22,3.33,3,2340000,'2022-11-01',NULL,9.00,35.00,NULL,NULL),(51,19,3.99,6,2340000,'2023-02-01',NULL,17.00,35.00,NULL,NULL),(52,23,1.20,1,4410000,NULL,NULL,NULL,NULL,NULL,NULL),(53,24,1.15,1,4410000,NULL,NULL,NULL,NULL,NULL,NULL),(54,25,3.03,4,2340000,'2023-09-01',NULL,11.00,35.00,0.15,NULL),(55,26,3.96,7,2340000,'2023-11-01',NULL,24.00,35.00,0.25,NULL),(56,27,4.98,8,2340000,'2022-10-01',NULL,23.00,35.00,0.25,NULL),(57,28,3.33,4,2340000,'2023-06-01',NULL,11.00,35.00,NULL,NULL),(58,29,3.33,4,2340000,'2024-04-01',NULL,10.00,35.00,NULL,NULL),(59,30,3.00,3,2340000,'2023-05-01',NULL,8.00,35.00,NULL,NULL),(60,31,3.33,4,2340000,'2023-11-01',NULL,8.00,35.00,NULL,NULL),(61,32,4.65,8,2340000,'2024-10-01',NULL,21.00,35.00,NULL,NULL),(62,33,1.15,7,4410000,NULL,NULL,NULL,NULL,NULL,NULL),(63,34,4.00,1,2340000,'2024-01-01',NULL,15.00,35.00,NULL,NULL),(64,35,1.20,5,4410000,NULL,NULL,NULL,NULL,NULL,NULL),(65,36,3.00,3,2340000,'2023-05-01',NULL,8.00,35.00,NULL,NULL),(66,37,3.33,4,2340000,'2024-10-01',NULL,10.00,35.00,NULL,NULL),(67,38,3.33,4,2340000,'2024-10-01',NULL,9.00,35.00,0.25,NULL),(68,39,2.67,2,2340000,'2023-10-01',NULL,9.00,35.00,NULL,NULL),(69,40,4.00,1,2340000,'2024-01-01',NULL,10.00,35.00,0.25,NULL),(70,41,3.99,6,2340000,'2024-10-01',NULL,15.00,35.00,0.15,NULL),(71,42,4.34,2,2340000,'2024-10-01',NULL,18.00,35.00,0.15,NULL),(72,43,4.00,1,2340000,'2024-01-01',NULL,13.00,35.00,NULL,NULL),(73,44,3.00,3,2340000,'2022-08-01',0.25,6.00,35.00,NULL,NULL),(74,45,4.98,9,2340000,'2024-11-01',NULL,25.00,35.00,0.25,NULL),(76,47,3.00,3,2340000,'2024-08-01',NULL,7.00,35.00,NULL,NULL),(77,48,4.65,8,2340000,'2024-02-01',NULL,22.00,35.00,NULL,NULL),(78,49,1.15,7,4410000,NULL,NULL,NULL,NULL,NULL,NULL),(79,50,4.00,1,2340000,'2024-01-01',NULL,11.00,35.00,0.25,NULL),(80,51,1.20,4,4410000,NULL,NULL,NULL,NULL,NULL,NULL),(81,52,3.33,4,2340000,'2024-10-01',NULL,9.00,35.00,0.15,NULL),(82,53,3.65,6,2340000,'2023-04-01',NULL,16.00,35.00,NULL,NULL),(83,54,4.98,9,2340000,'2022-09-01',NULL,26.00,35.00,NULL,NULL),(84,55,4.98,8,2340000,'2022-11-01',NULL,24.00,35.00,NULL,NULL),(85,56,4.00,1,2340000,'2024-01-01',NULL,15.00,35.00,0.25,NULL),(86,58,3.33,4,2340000,'2024-11-01',NULL,10.00,35.00,NULL,NULL),(87,59,1.20,8,4410000,NULL,NULL,NULL,NULL,NULL,NULL),(88,60,3.00,3,2340000,'2022-12-01',NULL,11.00,35.00,NULL,NULL),(89,61,4.00,1,2340000,'2023-05-01',NULL,16.00,35.00,0.25,NULL),(90,62,1.20,5,4410000,NULL,NULL,NULL,NULL,NULL,NULL),(91,63,1.05,6,4410000,NULL,NULL,NULL,NULL,NULL,NULL),(92,64,2.72,3,2340000,'2024-03-01',NULL,7.00,35.00,NULL,NULL),(93,65,3.03,4,2340000,'2023-10-01',NULL,10.00,35.00,NULL,NULL),(94,66,1.30,9,4410000,NULL,NULL,NULL,NULL,NULL,NULL),(95,67,1.20,7,4410000,NULL,NULL,NULL,NULL,NULL,NULL),(96,68,4.32,7,2340000,NULL,NULL,20.00,35.00,NULL,NULL),(97,69,4.98,9,2340000,NULL,NULL,25.00,35.00,0.25,NULL),(98,70,2.67,2,2340000,'2025-08-01',NULL,NULL,35.00,NULL,NULL),(99,71,2.67,2,2340000,'2022-09-01',NULL,NULL,35.00,NULL,NULL),(100,72,2.67,1,2340000,'2025-02-01',NULL,NULL,35.00,NULL,NULL),(101,73,1.00,1,4410000,NULL,NULL,NULL,NULL,NULL,NULL),(102,74,3.03,4,2340000,'2022-12-01',NULL,11.00,35.00,NULL,NULL),(103,75,2.86,6,2340000,NULL,NULL,NULL,NULL,NULL,NULL),(104,76,4.98,8,2340000,'2022-10-01',NULL,25.00,35.00,NULL,NULL),(105,77,3.33,4,2340000,'2024-10-01',NULL,10.00,35.00,NULL,NULL),(106,78,3.33,3,2340000,'2022-11-01',NULL,9.00,35.00,NULL,NULL),(107,79,3.66,5,2340000,NULL,NULL,9.00,35.00,NULL,NULL),(108,80,1.20,7,4410000,NULL,NULL,NULL,NULL,NULL,NULL),(109,81,3.00,3,2340000,'2024-10-01',NULL,6.00,35.00,NULL,NULL),(110,82,1.00,1,4410000,NULL,NULL,NULL,NULL,NULL,NULL),(111,83,3.03,4,2340000,'2023-12-01',NULL,10.00,35.00,NULL,NULL),(112,84,1.15,7,4410000,NULL,NULL,NULL,NULL,NULL,NULL),(113,85,1.00,1,4410000,NULL,NULL,NULL,NULL,NULL,NULL),(114,86,1.20,8,4410000,NULL,NULL,NULL,NULL,NULL,NULL),(115,87,1.20,8,4410000,NULL,NULL,NULL,NULL,NULL,NULL),(116,88,3.03,4,2340000,'2023-09-01',NULL,11.00,35.00,NULL,NULL),(117,89,4.32,7,2340000,'2022-03-01',NULL,18.00,35.00,NULL,NULL),(118,90,4.32,7,2340000,'2024-10-01',NULL,17.00,35.00,0.25,NULL),(120,92,1.15,7,4410000,NULL,NULL,NULL,NULL,NULL,NULL),(121,93,2.34,1,2340000,'2024-09-01',NULL,NULL,35.00,NULL,NULL),(122,94,3.33,3,2340000,'2022-11-01',NULL,8.00,35.00,NULL,NULL),(123,95,3.03,4,2340000,'2023-09-01',NULL,11.00,35.00,NULL,NULL),(124,96,3.00,3,2340000,'2023-09-01',NULL,8.00,35.00,NULL,NULL),(125,97,1.15,6,4410000,NULL,NULL,NULL,NULL,NULL,NULL),(127,99,1.02,NULL,4410000,NULL,NULL,NULL,NULL,NULL,NULL),(128,100,1.00,1,4410000,NULL,NULL,NULL,NULL,NULL,NULL),(129,101,2.34,1,2340000,'2023-07-01',NULL,NULL,35.00,NULL,NULL),(130,102,1.15,7,4410000,NULL,NULL,NULL,NULL,NULL,NULL),(132,104,1.55,1,4410000,NULL,NULL,NULL,NULL,NULL,NULL),(133,105,3.00,3,2340000,'2023-05-01',NULL,8.00,35.00,NULL,NULL),(134,106,3.00,3,2340000,'2022-08-01',NULL,6.00,35.00,NULL,NULL),(135,107,1.00,1,4410000,NULL,NULL,NULL,NULL,NULL,NULL),(136,108,3.33,2,2340000,'2022-11-01',NULL,9.00,35.00,NULL,NULL),(137,109,1.15,1,4410000,NULL,NULL,NULL,NULL,NULL,NULL),(138,110,3.33,3,2340000,'2022-11-01',NULL,9.00,35.00,NULL,NULL),(139,111,3.03,4,2340000,'2023-09-01',NULL,8.00,35.00,NULL,NULL),(140,112,3.33,3,2340000,'2022-11-01',NULL,9.00,35.00,0.25,NULL),(141,113,1.00,1,4410000,NULL,NULL,NULL,NULL,NULL,NULL),(142,114,4.32,7,2340000,'2022-04-01',NULL,NULL,35.00,NULL,NULL),(143,115,3.00,3,2340000,'2023-09-01',NULL,8.00,35.00,NULL,NULL),(144,116,1.00,5,4410000,NULL,NULL,NULL,NULL,NULL,NULL),(145,117,1.30,2,4410000,NULL,NULL,NULL,NULL,NULL,NULL),(146,118,1.00,1,4410000,NULL,NULL,NULL,NULL,NULL,NULL),(147,119,3.99,6,2340000,'2023-11-01',NULL,16.00,35.00,NULL,NULL),(148,120,4.34,2,2340000,'2023-03-01',NULL,18.00,35.00,NULL,NULL),(149,121,4.68,3,2340000,NULL,NULL,23.00,35.00,NULL,NULL),(150,122,2.67,2,2340000,'2022-09-01',NULL,NULL,35.00,NULL,NULL),(151,123,3.33,4,2340000,'2023-06-01',NULL,11.00,35.00,0.25,NULL),(152,124,3.33,1,2340000,'2023-10-01',NULL,NULL,NULL,0.15,NULL),(153,125,4.98,9,2340000,'2023-10-01',NULL,30.00,35.00,0.25,NULL),(154,126,1.00,1,4410000,NULL,NULL,NULL,NULL,NULL,NULL),(155,127,1.15,6,4410000,NULL,NULL,NULL,NULL,NULL,NULL),(156,128,3.33,4,2340000,'2024-10-01',NULL,10.00,35.00,NULL,NULL),(157,129,3.00,3,2340000,'2024-09-01',NULL,13.00,35.00,NULL,NULL),(158,130,1.20,7,4410000,NULL,NULL,NULL,NULL,NULL,NULL),(159,131,2.67,2,2340000,'2025-02-01',NULL,NULL,35.00,NULL,NULL),(160,132,3.66,5,2340000,'2023-08-01',NULL,13.00,35.00,0.15,NULL),(161,133,3.33,4,2340000,'2023-08-01',NULL,8.00,35.00,NULL,NULL),(162,134,4.32,7,2340000,'2024-09-01',NULL,18.00,35.00,NULL,NULL),(163,135,3.03,4,2340000,'2022-01-01',NULL,9.00,35.00,NULL,NULL),(164,136,2.34,1,2340000,'2024-09-01',NULL,NULL,35.00,NULL,NULL),(165,137,3.99,3,2340000,'2024-10-01',NULL,16.00,35.00,NULL,NULL),(166,138,NULL,NULL,4410000,NULL,NULL,NULL,NULL,NULL,NULL),(167,139,4.68,3,2340000,NULL,0.30,20.00,35.00,NULL,NULL),(168,140,3.33,1,2340000,'2023-06-01',NULL,11.00,35.00,NULL,NULL),(169,141,3.33,3,2340000,'2022-11-01',NULL,9.00,35.00,0.15,NULL),(170,142,1.20,7,4410000,NULL,NULL,NULL,NULL,NULL,NULL),(171,143,1.05,6,4410000,NULL,NULL,NULL,NULL,NULL,NULL),(173,145,1.00,1,4410000,NULL,NULL,NULL,NULL,NULL,NULL),(174,146,1.51,2,4410000,NULL,NULL,NULL,NULL,NULL,NULL),(175,147,3.33,3,2340000,'2024-09-01',NULL,8.00,35.00,NULL,NULL),(176,148,2.67,2,2340000,'2025-08-01',NULL,NULL,35.00,NULL,NULL),(177,149,1.55,10,4410000,NULL,NULL,NULL,NULL,NULL,NULL),(178,150,4.32,4,2340000,'2022-11-01',NULL,17.00,35.00,NULL,NULL),(179,151,3.99,5,2340000,'2022-11-01',NULL,16.00,35.00,NULL,NULL),(180,152,4.98,9,2340000,'2024-11-01',NULL,24.00,35.00,0.15,NULL),(181,153,5.02,3,2340000,'2022-11-01',NULL,24.00,35.00,NULL,NULL),(182,154,1.00,1,4410000,NULL,NULL,NULL,NULL,NULL,NULL),(183,155,3.34,5,2340000,'2024-09-01',NULL,13.00,35.00,NULL,NULL),(184,156,1.00,1,4410000,NULL,NULL,NULL,NULL,NULL,NULL),(185,157,3.99,7,2340000,'2023-10-01',NULL,16.00,35.00,0.25,NULL),(186,21,3.00,2,2340000,'2022-01-01',NULL,NULL,NULL,NULL,NULL),(187,46,3.33,4,2340000,'2023-10-01',NULL,10.00,35.00,0.15,NULL),(188,144,3.03,4,2340000,'2024-01-01',NULL,10.00,35.00,NULL,NULL),(189,158,NULL,NULL,NULL,NULL,NULL,NULL,NULL,NULL,NULL),(190,103,4.68,NULL,2340000,'2023-10-01',NULL,26.00,35.00,0.40,NULL),(191,98,4.58,NULL,2340000,'2024-10-01',NULL,25.00,35.00,0.40,NULL),(192,91,4.65,8,2340000,'2023-01-01',NULL,21.00,35.00,0.50,NULL),(195,159,NULL,NULL,NULL,NULL,NULL,NULL,NULL,NULL,NULL),(209,18,NULL,NULL,NULL,NULL,NULL,NULL,NULL,NULL,NULL),(210,17,NULL,NULL,NULL,NULL,NULL,NULL,NULL,NULL,NULL),(226,1,4.65,8,2340000,'2022-09-01',0.00,0.00,0.00,0.25,NULL);
/*!40000 ALTER TABLE `staff_salaries` ENABLE KEYS */;
UNLOCK TABLES;

--
-- Table structure for table `users`
--

DROP TABLE IF EXISTS `users`;
/*!40101 SET @saved_cs_client     = @@character_set_client */;
/*!50503 SET character_set_client = utf8mb4 */;
CREATE TABLE `users` (
  `id` int NOT NULL AUTO_INCREMENT,
  `email` varchar(100) CHARACTER SET utf8mb4 COLLATE utf8mb4_general_ci NOT NULL,
  `password` varchar(255) CHARACTER SET utf8mb4 COLLATE utf8mb4_general_ci NOT NULL,
  `created_at` datetime NOT NULL,
  `updated_at` datetime NOT NULL,
  `full_name` varchar(100) CHARACTER SET utf8mb4 COLLATE utf8mb4_general_ci NOT NULL,
  `role` enum('admin','manager','teacher','technician') CHARACTER SET utf8mb4 COLLATE utf8mb4_general_ci NOT NULL DEFAULT 'teacher',
  `status` enum('active','inactive','locked') CHARACTER SET utf8mb4 COLLATE utf8mb4_general_ci NOT NULL DEFAULT 'active',
  `last_login_at` datetime DEFAULT NULL,
  `avatar` varchar(255) CHARACTER SET utf8mb4 COLLATE utf8mb4_general_ci DEFAULT NULL,
  PRIMARY KEY (`id`),
  UNIQUE KEY `email` (`email`)
) ENGINE=InnoDB AUTO_INCREMENT=171 DEFAULT CHARSET=utf8mb4 COLLATE=utf8mb4_general_ci;
/*!40101 SET character_set_client = @saved_cs_client */;

--
-- Dumping data for table `users`
--

LOCK TABLES `users` WRITE;
/*!40000 ALTER TABLE `users` DISABLE KEYS */;
INSERT INTO `users` VALUES (1,'tramkhoinguyen27122@gmail.com','$2b$10$0VdaIbBoY/na8S6ceJropOk4IEypjUIs2bObPaHN0NVNQcCAz0i2.','2026-02-19 13:25:01','2026-04-01 13:01:43','Khôi Nguyên','teacher','active','2026-03-31 14:02:05','/uploads/avatars/avatar-1772692826191-990826819.jpg'),(3,'admin@thsp.edu.vn','$2b$10$DRvoUodQBxoIFOypWPSWxuuDxzAGp3hJpXLzYwpkGJwyPghGjtw46','2026-03-03 20:46:48','2026-03-13 10:18:36','Quản trị viên','admin','active','2026-03-13 10:18:36',NULL),(4,'trinhfokko@gmail.com','$2b$10$14smnhiT1lPXX4KSQqZ6wOSP3JjkUjkUUXGfGHCZ1pQJGY9cBsWl6','2026-03-04 08:32:11','2026-03-18 09:19:41','Huệ Trinh','admin','active','2026-03-18 09:19:41','/uploads/avatars/avatar-1773027741664-458164425.jpg'),(5,'nhi96942@gmail.com','$2b$10$WLHOZMx0vP55873s5sZd0uKXW1Tz/QFRptR2ea4hokjNoDa9zCjF2','2026-03-04 08:34:26','2026-03-31 15:38:07','Yến Nhi','teacher','active','2026-03-31 15:38:07',NULL),(6,'reisoh2771@gmail.com','$2b$10$0BKdNtkiLBLE0wlaCdTL/ueicMISernxEbuqQ0NbVEc5lYb8J/U86','2026-03-04 08:38:27','2026-03-11 10:26:32','Khôi Nguyên','teacher','active','2026-03-11 10:26:32',NULL),(7,'tramkhoinguyen.dev@gmail.com','$2b$10$yfW3hzoyfK4WuzucB63YNuVaGLIDRc5DuBSqXWtEV.adS0SGXAMQW','2026-03-04 15:22:03','2026-04-03 15:14:53','Trầm Khôi Nguyên','admin','active','2026-04-03 15:14:53','/uploads/avatars/avatar-1774775458965-472013514.jpg'),(8,'tramkhoinguyen2701@gmail.com','$2b$10$ZhMmhwVfPAGehHFbW5jWbeVAS1p3CwaTuIVyCueSG6FWdNy9WuuEi','2026-03-05 15:33:41','2026-04-01 07:38:56','Nguyễn Văn Minh','technician','active','2026-04-01 07:38:56',NULL),(9,'vodangkhoa@tvu.edu.vn','$2b$10$XcvLXv6nXDAgRoXcckQQvu2m0iXvolk41SiQaabqauL8jFo6UImlK','2026-03-05 15:37:04','2026-03-31 15:50:11','Võ Đăng Khoa','manager','active','2026-03-31 15:50:11',NULL),(10,'meomeo@gmail.com','$2b$10$PFjgDJckTVWQix4Ei9HrnuWB5HHxsEBVp4mtnTJ5XABOsGY.xQyXe','2026-03-09 07:48:16','2026-03-18 08:10:20','Meo Meo','teacher','active','2026-03-18 08:10:20','/uploads/avatars/avatar-1773027525927-779504110.jpg'),(11,'meokt@gmail.com','$2b$10$N/QE2AJOf4OEl.RLEtFvReZktwkyLd1S90nTlClkJdyDy0/PjmGEO','2026-03-09 10:33:11','2026-03-18 09:14:58','Mèo Kỹ thuật','technician','active','2026-03-18 09:14:58','/uploads/avatars/avatar-1773027335827-445151863.jpg'),(12,'admin@example.com','$2b$10$8DYK/E8vlcCq1hFRltqoJeQa.fQbdPoA7N.pmfC73o8Jj4Z0FGrq2','2026-03-13 09:47:54','2026-03-13 09:47:54','nn','teacher','active',NULL,NULL),(13,'bhkhanh@tvu.edu.vn','$2b$10$HJ2YUvAUrGy/OIT5OQoUd.s/AHRf9Bmic4A324UBecTnKs/IAHsuG','2026-03-13 09:56:15','2026-03-13 09:56:15','Bùi Hữu Khánh','teacher','active',NULL,NULL),(14,'buitan@tvu.edu.vn','$2b$10$5A4IFJUXnOOvkG2o1YCxguAfbBjiRcmp8a3L9W4qk94EIhhxLZ0OW','2026-03-13 10:00:32','2026-03-13 10:00:32','Bùi Quốc Tần','teacher','active',NULL,NULL),(15,'btngan@tvu.edu.vn','$2b$10$Yh9JbpjF4npZZufjJCP4jOHdIokqSuaUlRO/2bvqoY89wGuYzDTr6','2026-03-13 10:03:39','2026-03-13 10:03:39','Bùi Thế Ngân','teacher','active',NULL,NULL),(16,'btcloan@tvu.edu.vn','$2b$10$pYV42bH7mcUMgCJpMPCXTuoDVdfgixLocwV.Wrrj1iP9oPs89Q.cu','2026-03-13 10:07:27','2026-03-13 10:07:27','Bùi Thị Cẩm Loan','teacher','active',NULL,NULL),(17,'buicat@tvu.edu.vn','$2b$10$4VF2Gr7g/cOuZUJqUH2LMuCZ11vK6vcEjrAKhFWf9kW/914h5OVVC','2026-03-13 10:09:18','2026-03-13 10:09:18','Bùi Văn Cất','teacher','active',NULL,NULL),(18,'ctbtram@tvu.edu.vn','$2b$10$57pY4KOc5XbrXLwWVGB4QOnNCtdTcbQR1xSdPRkqXDTAPzoL6jm5O','2026-03-13 10:11:02','2026-03-13 10:11:02','Châu Thị Bích Trâm','teacher','active',NULL,NULL),(19,'Cvngoan@tvu.edu.vn','$2b$10$IuWD2Sh1YunhW6O7ioMgWuBGbRlEiG8s2RNA684PhWnMsUMs7Fm7u','2026-03-13 10:12:16','2026-03-13 10:12:16','Châu Văn Ngoan','teacher','active',NULL,NULL),(20,'cttrang@tvu.edu.vn','$2b$10$SUhbK/lPL0m/4QR2UDxhcOUQHnj9UL0oJSYhYogypujjqKXBWUkLO','2026-03-13 10:13:47','2026-03-13 10:13:47','Chung Thùy Trang','teacher','active',NULL,NULL),(21,'dhnlan@tvu.edu.vn','$2b$10$I1Jadu6xqx1cxWEqJAvk.evJoaLYZhmGHmUjzLgk/m.kZ5ZdgZpP.','2026-03-13 10:15:13','2026-03-13 10:15:13','Dương Hiền Ngọc Lan','teacher','active',NULL,NULL),(22,'dhvu@tvu.edu.vn','$2b$10$vU7VTfmJrIZU3Rx9PgK4Re4FnZsj5O.LM0kIclwIzgx9ofBankkSy','2026-03-13 10:17:37','2026-03-13 10:17:37','Dương Hồ Vũ','teacher','active',NULL,NULL),(23,'dnpthao@tvu.edu.vn','$2b$10$TyK8K1cLK0LhTCSKLqSaJel0FbiqwXQJ.2yViEYkHIJbqR1NvYpm2','2026-03-13 10:20:15','2026-03-13 10:20:15','Dương Ngọc Phương Thảo','teacher','active',NULL,NULL),(24,'htxuan@tvu.edu.vn','$2b$10$NU3XNf/W7hb3ndKMPK/PjOh1ca/wvTO0rQoh/fWH8.tZR4Zm8.2mW','2026-03-15 13:54:39','2026-03-15 13:56:50','Huỳnh Thế Xuân','teacher','active','2026-03-15 13:56:50',NULL),(25,'dtgioi@tvu.edu.vn','$2b$10$CbXjZIHHEzAN.bKfszJkfuWG9KNAtPCzUsJiNr17j/Nvlzt/.AZAO','2026-03-15 14:03:37','2026-03-15 14:03:37','Dương Thị Giới','teacher','active',NULL,NULL),(26,'hthue@tvu.edu.vn','$2b$10$WsjQ72/ujtzblXondxzfU.b6Bdi0.rClxTz0DM/y1ykuC7KrGn9ay','2026-03-15 14:04:27','2026-03-15 14:04:27','Hà Thị Huệ','teacher','active',NULL,NULL),(27,'httruc@tvu.edu.vn','$2b$10$iVHxMHR2KkYryzJguiP7xuNDmcqxhOKJi6WSst5UpxcmcO5PgFnxq','2026-03-15 14:04:40','2026-03-15 15:37:17','Hồ Thanh Trúc','teacher','active','2026-03-15 15:37:17',NULL),(28,'htcnhung@tvu.edu.vn','$2b$10$y32v.UPip5BCq6HfQvQWUOqx5XDBxZ.BS78EGq/JvU0Zr.iw41rKe','2026-03-15 14:05:03','2026-03-15 14:05:03','Hồ Thị Cẩm Nhung','teacher','active',NULL,NULL),(29,'htha@tvu.edu.vn','$2b$10$Khs/2YNkGgfU0jqqgDX4w.l5qPIMT25aQmw6hxh6UUs8DFy4KcHcy','2026-03-15 14:05:38','2026-03-15 14:05:38','Huỳnh Thị Hà','teacher','active',NULL,NULL),(30,'htmhang@tvu.edu.vn','$2b$10$Vtr7TzghRAuctwmWZ66K4OruvwRNRkWM5gZOxDPqkNrAJofJe/XGG','2026-03-15 14:05:55','2026-03-15 14:05:55','Huỳnh Thị Mỹ Hằng','teacher','active',NULL,NULL),(31,'htnngoan@tvu.edu.vn','$2b$10$NOqF5w/wHzXeJdJysjhTSuIAefwiUQ92MAx5nRlNt5ngiE7Q03byi','2026-03-15 14:06:12','2026-03-15 14:06:12','Huỳnh Thị Ngọc Ngoan','teacher','active',NULL,NULL),(32,'htqlinh@tvu.edu.vn','$2b$10$gjvMCcI68Us2zDFjSteUzO1oU/cQNpnupHJjeOaGVx1pwLwv74q5K','2026-03-15 14:06:26','2026-03-15 14:06:26','Huỳnh Thị Quế Linh','teacher','active',NULL,NULL),(33,'thienluong@tvu.edu.vn','$2b$10$I4AYKHi2F1H4SNljXNkwRugeoQR0Hy7P6IkiJ.H3tHtp/2SmeoTC2','2026-03-15 14:07:07','2026-03-15 14:07:07','Huỳnh Thiên Lương','teacher','active',NULL,NULL),(34,'kphong@tvu.edu.vn','$2b$10$YLJkwWCnn2fwxCH7kUDbP.bT4RH.FrD6jplBVclomwzvHRjWphB/.','2026-03-15 14:07:38','2026-03-15 14:07:38','Kim Phong','teacher','active',NULL,NULL),(35,'ktruong@tvu.edu.vn','$2b$10$QVl2YE46SC2uOGGfm..b2u8xNzk1jvwd.3TYjXt4.gdyKeZwTSbv2','2026-03-15 14:08:00','2026-03-15 14:08:00','Kim Trường','teacher','active',NULL,NULL),(36,'lntphuong@tvu.edu.vn','$2b$10$p0OgzwkiKA0s/SUiCp95s.PtAocV2xuF5imUirHB.e1q6fI/qiT4q','2026-03-15 14:08:19','2026-03-15 14:08:19','Lâm Nhật Thảo Phương','teacher','active',NULL,NULL),(37,'lnanh@tvu.edu.vn','$2b$10$2X8awQd7eZHIcePsWwIVvuFPbr9jcmatgHQEHq92H9vJHuZtwZVb.','2026-03-15 14:08:44','2026-03-15 14:08:44','Lâm Nhựt Anh','teacher','active',NULL,NULL),(38,'lttuong@tvu.edu.vn','$2b$10$7nN6.wFdh6n0xycG12ADpuRccJcXtGmxidW/NTqrriTVp.zrKtMXW','2026-03-15 14:09:01','2026-03-15 14:09:01','Lâm Tấn Tường','teacher','active',NULL,NULL),(39,'ltkxuyen@tvu.edu.vn','$2b$10$PTeWWZMSQ7XqqytioiYqQuF2wdA8gDRQe/oDeT2ig/drXTZpyQXBq','2026-03-15 14:09:19','2026-03-15 14:09:19','Lâm Thị Kim Xuyến','teacher','active',NULL,NULL),(40,'lntruong@tvu.edu.vn','$2b$10$N8ZltQvE4uSOzQyaYW4THO9QCcM7K3hdYKVgMzauLJlCwcGl60xwe','2026-03-15 14:10:00','2026-03-15 14:10:00','Lê Nhựt Trường','teacher','active',NULL,NULL),(41,'ltbhong@tvu.edu.vn','$2b$10$it9TGGybL6vmjYAjAMhBZeMWsspQjfvui/P0x8A/Att9x.dkqaBx.','2026-03-15 14:10:18','2026-03-15 14:10:18','Lê Thị Bé Hồng','teacher','active',NULL,NULL),(42,'ltcnhung@tvu.edu.vn','$2b$10$j.yQUDED7Dxs2nLeaIUoo.tm5XNm/HYDT4.JyJHJMq0d6ezOzi4/.','2026-03-15 14:10:36','2026-03-15 14:10:36','Lê Thị Cẩm Nhung','teacher','active',NULL,NULL),(43,'ltchung@tvu.edu.vn','$2b$10$mjN.NRkYLk5K40MOlZjOa.y2zNVuAVuxmOc/BOe1ZT8TXt1tZbFgC','2026-03-15 14:11:28','2026-03-15 14:11:28','Lê Thị Chung','teacher','active',NULL,NULL),(44,'ltdkieu@tvu.edu.vn','$2b$10$P.Q7PV9yBTSIV27OAeypLeW13DtDcX5IeEy/FxXLQFSy/VDOFq3Qy','2026-03-15 14:11:42','2026-03-15 14:11:42','Lê Thị Diễm Kiều','teacher','active',NULL,NULL),(45,'ltmdung@tvu.edu.vn','$2b$10$lnv4aRluyZ3vFCP5Or5mles8/LDHm3QsSg9vQTGcTZ6XmMnkszjoi','2026-03-15 14:12:01','2026-03-15 14:12:01','Lê Thị Mộng Dung','teacher','active',NULL,NULL),(46,'ltndiem@tvu.edu.vn','$2b$10$juMREI1JCNtXXciEaGWPpOc0EpEIjIvbeQREmttetFMSjgeo.MdgK','2026-03-15 14:12:17','2026-03-15 14:12:17','Lê Thị Ngọc Diễm','teacher','active',NULL,NULL),(47,'ltnhan@tvu.edu.vn','$2b$10$Q7IqEdh2qoho6TZXemnAlOdo4zCFSYiV9dvThGnrilgMfO3cfM/7W','2026-03-15 14:12:41','2026-03-15 14:12:41','Lê Thị Ngọc Hân','teacher','active',NULL,NULL),(48,'ltndieu@tvu.edu.vn','$2b$10$QSe0Fq40DUrawFUIDJ2kf.0CKLwUzylLqttLML8Y/uFt6JZE9n/Di','2026-03-15 14:13:01','2026-03-15 14:13:01','Lê Thị Ngọc Điều','teacher','active',NULL,NULL),(49,'phuongminhthsp@tvu.edu.vn','$2b$10$iceQ9/yQY5Ai3JdgdYq/F.62C.zU5/Bscak28EjvD6KJF9cn2akKy','2026-03-15 14:13:15','2026-03-15 14:13:15','Lê Thị Phương Minh','teacher','active',NULL,NULL),(50,'lttinh@tvu.edu.vn','$2b$10$QbGChVSCTXIT03AidLv7ue9ExwcByjNg0oOB24bUBpPedJPdw880a','2026-03-15 14:13:31','2026-03-15 14:13:31','Lê Trung Tính','teacher','active',NULL,NULL),(51,'lvthi@tvu.edu.vn','$2b$10$sEP2lCa3MXRsG5i/wfmR1.pkD8AFG.nKG4GPF2RB0YSdNx9U1cPAe','2026-03-15 14:13:46','2026-03-15 14:13:46','Lê Văn Thì','teacher','active',NULL,NULL),(52,'lvlinh@tvu.edu.vn','$2b$10$EDEUkPwIS7z0NTiMVSbKVecmY5YSg9iXUhdosfAOj7P05U3nevKkm','2026-03-15 14:14:09','2026-03-15 14:14:09','Lê Vũ Linh','teacher','active',NULL,NULL),(53,'lbtran_thsp@tvu.edu.vn','$2b$10$tsPDsVsc/ygz.eOZb0ury.XjTRzv.kjU3nlj3EsxAOOwq/3uJx9Gy','2026-03-15 14:14:29','2026-03-15 15:37:41','Liên Bảo Trân','teacher','active','2026-03-15 15:37:41',NULL),(54,'lhmnhut@tvu.edu.vn','$2b$10$m7eYtO026xxcyLc2wmnc9ut0bW8NpXSUJs5VUGXNyezPO/kCMM6NC','2026-03-15 14:14:43','2026-03-15 14:14:43','Lữ Hoàng Minh Nhựt','teacher','active',NULL,NULL),(55,'lythanhtien@tvu.edu.vn','$2b$10$Hl7YudLaFrCYoKh5O6kYau6owvw/OqDEmII7De/px446IOAkI46Te','2026-03-15 14:15:03','2026-03-15 14:15:03','Lý Thành Tiến','teacher','active',NULL,NULL),(56,'ltnha@tvu.edu.vn','$2b$10$nb.GV1YGNBzjc9oMON5DXuHdqxl1bTZQjL.EPnOgx2MYAaxHxXwae','2026-03-15 14:15:26','2026-03-15 14:15:26','Lý Thị Ngọc Hà','teacher','active',NULL,NULL),(57,'lttthuy@tvu.edu.vn','$2b$10$YgkIkMhG/GGghtv2il61guVRp19241XJsLE1J6H7jI7QvSm42zLq6','2026-03-15 14:15:39','2026-03-15 14:15:39','Lý Thị Thanh Thúy','teacher','active',NULL,NULL),(58,'mhthoai@tvu.edu.vn','$2b$10$pXWnO3NzDCvbDHSUydT5dOfL7wYQ2kVLbNNggUxM.YGszhHg1pdwq','2026-03-15 14:16:08','2026-03-15 14:16:08','Mai Hữu Thoại','teacher','active',NULL,NULL),(59,'mhvinh@tvu.edu.vn','$2b$10$lRvLVk.qWULZ7pCgzjLOKuL5NJPf86GeZTlBZo7JFFq8UtDP4.ZW2','2026-03-15 14:16:32','2026-03-15 14:16:32','Mai Hữu Vinh','teacher','active',NULL,NULL),(60,'nthphuoc@tvu.edu.vn','$2b$10$X42wYLMKGPN7KLA0A6IxM.H371wbPqiZztD7i2fmEUm7S/N6UY606','2026-03-15 14:16:55','2026-03-15 15:39:00','Ngô Thị Hồng Phước','teacher','active','2026-03-15 15:39:00',NULL),(61,'ncgiau@tvu.edu.vn','$2b$10$wsBSymHA0EVnEvudNAXsAeylIyh2PJsSA9MEDW1JaJBk33LbkrCh6','2026-03-15 14:17:10','2026-03-15 14:17:10','Nguyễn Cẩm Giàu','teacher','active',NULL,NULL),(62,'nccong@tvu.edu.vn','$2b$10$BbZ6ZvOKW0dw8wBW4RHXhez/2rLKyUurpBAnNXxpx/PgiGw0wid9G','2026-03-15 14:17:23','2026-03-15 14:17:23','Nguyễn Chí Công','teacher','active',NULL,NULL),(63,'nhtrung@tvu.edu.vn','$2b$10$J1ZFYN3vjrzuHd1lJ.PvMePwf1eyPTxizrvYklexc6pKFE/4XifUG','2026-03-15 14:17:37','2026-03-15 14:17:37','Nguyễn Hiếu Trung','teacher','active',NULL,NULL),(64,'nhoanh@tvu.edu.vn','$2b$10$JuPYDQG/cLHNigs1OzA5TuQ0yt7xBO9ADPCcZzsnVj0ZKLZkCn4Ne','2026-03-15 14:18:09','2026-03-15 14:18:09','Nguyễn Hoàng Oanh','teacher','active',NULL,NULL),(65,'myh6243@gmail.com','$2b$10$elPoNSSxx1yUP.euY3d67OweuHrx/kFpUgKf3uVMQB63ctmu8Op.u','2026-03-15 14:18:28','2026-03-15 14:18:28','Nguyễn Huỳnh My','teacher','active',NULL,NULL),(66,'nmthuong@tvu.edu.vn','$2b$10$qbv1Kro/fbOjgqz2ZXUmsOGSMP6R7cSEypg.7o7C9WgJG.NRhgtv6','2026-03-15 14:18:55','2026-03-15 14:18:55','Nguyễn Minh Thương','teacher','active',NULL,NULL),(67,'nnngan@tvu.edu.vn','$2b$10$Rb.1R2n9lqbPL.AaoNyzW.qGZw9EZGAMLUJ8O3xozkTnudOQS2NHu','2026-03-15 14:19:07','2026-03-15 14:19:07','Nguyễn Ngọc Ngân','teacher','active',NULL,NULL),(68,'nntvan@tvu.edu.vn','$2b$10$mWXNfvW2WiGUWH1ftxjYwuOy4tQ8aKgj4RAQxKUqo8YMJahFIood6','2026-03-15 14:19:42','2026-03-15 14:19:42','Nguyễn Ngọc Tường Vân','teacher','active',NULL,NULL),(69,'nsdien@tvu.edu.vn','$2b$10$BI6Yzx1xQbVdJ0LK.TukvuKxqe8smza8eMDY3fvqMA6en2i92J4Em','2026-03-15 14:19:53','2026-03-15 14:19:53','Nguyễn Sơn Điền','teacher','active',NULL,NULL),(70,'ntnguyen_thsp@tvu.edu.vn','$2b$10$xtYvaNOPZR3Hl8eiBL71/OY3MWcrHqfAdOQwKZhQaRkBHNO86LwQ2','2026-03-15 14:20:06','2026-03-15 14:20:06','Nguyễn Tam Nguyên','teacher','active',NULL,NULL),(71,'ntphat_thsp@tvu.edu.vn','$2b$10$qPCsmXxxzO8gLsujbpgCQeAkayrlQ3iFTVAdUe//MUH6ggvg4xnwS','2026-03-15 14:20:23','2026-03-15 14:20:23','Nguyễn Tấn Phát','teacher','active',NULL,NULL),(72,'ntbhop@tvu.edu.vn','$2b$10$qcYXfXuhPrkGp0hZXz5QSOUSDWN.wae.cb7MOipV0Fq9Iyh13onde','2026-03-15 14:20:36','2026-03-15 14:20:36','Nguyễn Thị Bích Hợp','teacher','active',NULL,NULL),(73,'ntcgiang@tvu.edu.vn','$2b$10$i/xfTktVbA4IW2uQcTI/YObVZPkIw5ek/W.qpUyy4Q/fF8APZvIL6','2026-03-15 14:20:51','2026-03-15 14:20:51','Nguyễn Thị Cẩm Giang','teacher','active',NULL,NULL),(74,'ntctien@tvu.edu.vn','$2b$10$KKnS25TK08QHWVi2V6vpBO/PLZ/Jv9nJa4xy0crlsp8AxhhRVuRky','2026-03-15 14:23:14','2026-03-15 14:23:14','Nguyễn Thị Cẩm Tiên','teacher','active',NULL,NULL),(75,'nththuong@tvu.edu.vn','$2b$10$18hdqpGgaTpBsFEugpc97uoAdnOtunLXfdB9mERJ9F3XRXT0iSFqW','2026-03-15 14:23:32','2026-03-15 14:23:32','Nguyễn Thị Hoài Thương','teacher','active',NULL,NULL),(76,'nthgam@tvu.edu.vn','$2b$10$xoO5Tt3Ap8BE01Xlm8RQF.ruimO//Gi9mprGqKcSlpjlQwlK.h8nW','2026-03-15 14:23:49','2026-03-15 14:23:49','Nguyễn Thị Hồng Gấm','teacher','active',NULL,NULL),(77,'nththuy@tvu.edu.vn','$2b$10$DWIlTAUctTS.zhCZa8PC0eRde9UHh2Ur.8aCj32MUS2oXX8LIZw3W','2026-03-15 14:24:07','2026-03-15 14:24:07','Nguyễn Thị Hồng Thúy','teacher','active',NULL,NULL),(78,'nthgiang@tvu.edu.vn','$2b$10$vcYuaIoUx2Z8io2I7STov.cT/vsZODQ/Qu8l.qSXlcczXsUQHnKwq','2026-03-15 14:24:24','2026-03-15 14:24:24','Nguyễn Thị Hương Giang','teacher','active',NULL,NULL),(79,'ntmthu@tvu.edu.vn','$2b$10$oCali9d2ljOT3eJ3rgVl1OG28Z46ppQTeFnBNgPA6VLxazT8.oAEW','2026-03-15 14:24:48','2026-03-15 14:24:48','Nguyễn Thị Minh Thư','teacher','active',NULL,NULL),(80,'ntmtrang@tvu.edu.vn','$2b$10$kcReTIvZGSlwrH85gsfaWu3bsbqH6UwKMZJKDVAJ0LnYTziaP3/E6','2026-03-15 14:25:06','2026-03-15 14:25:06','Nguyễn Thị Minh Trang','teacher','active',NULL,NULL),(81,'ntmdung@tvu.edu.vn','$2b$10$Z8pYt2YN8q1mPImFSHDiWumOwv/ypJz937apWuAtJmAwJBSM16PhS','2026-03-15 14:25:19','2026-03-15 14:25:19','Nguyễn Thị Mỹ Dung','teacher','active',NULL,NULL),(82,'ntmlinh@tvu.edu.vn','$2b$10$3pauoI5AftbgD.ZiJUrcPO86MwtqRknVftmhPf4nssMklmu5lvbpK','2026-03-15 14:25:31','2026-03-15 14:25:31','Nguyễn Thị Mỹ Linh','teacher','active',NULL,NULL),(83,'ntmtien@tvu.edu.vn','$2b$10$d8yNGFIcT812olxmDwx06ep/uCwmlWSJVF6q1bMWSxoI//HW4/07K','2026-03-15 14:25:43','2026-03-15 14:25:43','Nguyễn Thị Mỹ Tiên','teacher','active',NULL,NULL),(84,'ntnlanh@tvu.edu.vn','$2b$10$w63hImkyunxi1xnsMokANeZJ6Pp6oIBod807vvpQl4xzjAZ94LgMi','2026-03-15 14:25:56','2026-03-15 14:25:56','Nguyễn Thị Ngọc Lành','teacher','active',NULL,NULL),(85,'ntphan@tvu.edu.vn','$2b$10$mxCfuzwwF4m.2CrpGI0FD.zhxJ8xZZvOGP6SkOT0OxNewQahcOZtK','2026-03-15 14:26:14','2026-03-15 14:26:14','Nguyễn Thị Phấn','teacher','active',NULL,NULL),(86,'ntpthao@tvu.edu.vn','$2b$10$e/HjXLbAA5FnCXrS1hxy2ONDyfw0FAEkN6BUxY7DPWZC2rMpFr00m','2026-03-15 14:26:29','2026-03-15 14:26:29','Nguyễn Thị Phương Thảo','teacher','active',NULL,NULL),(87,'nthtran@tvu.edu.vn','$2b$10$Z4x/cmPslbrQal1TdlOnPeoAErp1JcU4JIDXMp/4aC8xDfqyjcXju','2026-03-15 14:26:46','2026-03-15 14:26:46','Nguyễn Thị Quyền Trân','teacher','active',NULL,NULL),(88,'ntthong@tvu.edu.vn','$2b$10$VJ1oEHj8.H.UoTXwv7XoMOHQPR8WdpsHlZvMcCUbJkgfcJwEfjeVC','2026-03-15 14:26:57','2026-03-15 14:26:57','Nguyễn Thị Thanh Hồng','teacher','active',NULL,NULL),(89,'nttnhithsp@tvu.edu.vn','$2b$10$Y/s1iE18w27FQkChcdf8z.vK0H8c7YmuNccMqoJ8uoKL4fwOAWk9K','2026-03-15 14:27:18','2026-03-15 14:27:18','Nguyễn Thị Thanh Nhi','teacher','active',NULL,NULL),(90,'ntthutruc@tvu.edu.vn','$2b$10$BfriwRQzngNLYGOVPXBs/OURWicCOmMDzvZRmzDR3g0L6N1adgxaO','2026-03-15 14:27:46','2026-03-15 14:27:46','Nguyễn Thị Thu Trúc','teacher','active',NULL,NULL),(91,'nttnhieu@tvu.edu.vn','$2b$10$rrtLlEgS1MdqR/pgO4/YuOx3g.RkOH0LnImBC00KCKcvSjdRl24WG','2026-03-15 14:28:00','2026-03-15 14:28:00','Nguyễn Thị Thùy Nhiêu','teacher','active',NULL,NULL),(92,'ntttien@tvu.edu.vn','$2b$10$9ATihLmkXbBI.beAJH41qO7aP8T5sXfmX3prmn27off.Y1BVgDd6G','2026-03-15 14:28:11','2026-03-15 14:28:11','Nguyễn Thị Thủy Tiên','teacher','active',NULL,NULL),(93,'nttquyen@tvu.edu.vn','$2b$10$i5Rdc1oWHa8NOPDvHdzI/.DxEuNNFrEkNalus2.QdjuSWSnWxIImq','2026-03-15 14:28:27','2026-03-15 14:28:27','Nguyễn Thị Tố Quyên','teacher','active',NULL,NULL),(94,'nttrinh@tvu.edu.vn','$2b$10$bMch1bkAQUijNeLBomg0Teptfn0KYz8YyH8MkQ4D8hEl/XQNjarOq','2026-03-15 14:28:44','2026-03-15 14:28:44','Nguyễn Thị Trinh','teacher','active',NULL,NULL),(95,'ntdep@tvu.edu.vn','$2b$10$XnTwLhH608vjUoOmO8NzWupLKDGDQVQVFbTprOjBzSnswaRcyS7sS','2026-03-15 14:28:56','2026-03-15 14:28:56','Nguyễn Thị Đẹp','teacher','active',NULL,NULL),(96,'ntthuy@tvu.edu.vn','$2b$10$zZj.W4GX.Oo9Wmp5wAKPheS833cEOpDx527CcTITXoCNCM9ukaRLK','2026-03-15 14:29:20','2026-03-15 14:29:20','Nguyễn Thúy Thúy','teacher','active',NULL,NULL),(97,'nthtam@tvu.edu.vn','$2b$10$iGgIMEsbZODa5/seYKyhWutPCQI28e/YSLY.eBLSoBIofIXO16mnK','2026-03-15 14:30:04','2026-03-15 14:30:04','Nguyễn Trần Hồng Tâm','teacher','active',NULL,NULL),(98,'nvthuan@tvu.edu.vn','$2b$10$lg1/Z/PKm8SdhfHphGoShO7lMl0ldSvnhrvgrA4wNZGcGbxvkflGi','2026-03-15 14:30:17','2026-03-15 14:30:17','Nguyễn Văn Thuấn','teacher','active',NULL,NULL),(99,'nvvu@tvu.edu.vn','$2b$10$Prt6u6l9A4SPj7lRCTFCuO3o1kfFvffCSGg1yi60OUftPwwWsUNFu','2026-03-15 14:30:34','2026-03-15 14:30:34','Nguyễn Văn Vũ','teacher','active',NULL,NULL),(100,'phdang@tvu.edu.vn','$2b$10$FZ9K6uDwVFrq4P3TG3PdH./Yjp.jJ0y/e631riL0i7PvBmbI66IHi','2026-03-15 14:30:48','2026-03-15 15:41:50','Phạm Hải Đăng','teacher','active','2026-03-15 15:41:50',NULL),(101,'plmngoc@tvu.edu.vn','$2b$10$s.9u19iJ7E39twciRjXj8uh2qfUjrhmdWye8uBeZr4zSTUQyYW1SS','2026-03-15 14:31:18','2026-03-15 14:31:18','Phạm Lê Mỹ Ngọc','teacher','active',NULL,NULL),(102,'pqnhi@tvu.edu.vn','$2b$10$CRMFPDLlm6KipQSFypDr4.hLhZRsYqvgDcCVXehmCSRvo8B79Fugi','2026-03-15 14:31:30','2026-03-15 14:31:30','Phạm Quỳnh Nhi','teacher','active',NULL,NULL),(103,'ptdthi@tvu.edu.vn','$2b$10$cwQ9OSXNz693ZX0PUi0nKeIHs6pt8qRFdfIAupQLJyiNDbQGjMoKa','2026-03-15 14:40:29','2026-03-15 14:40:29','Phạm Thị Diễm Thi','teacher','active',NULL,NULL),(104,'pthphuong@tvu.edu.vn','$2b$10$Qy6frR8DXrK4U3xYNS4mb.0epaOarg47y5RjpoSfegz339JWm3xuW','2026-03-15 14:40:42','2026-03-15 14:40:42','Phạm Thị Hồng Phương','teacher','active',NULL,NULL),(105,'pthlan@tvu.edu.vn','$2b$10$2WSZCqIBbdihPWOFVm0jv.UPtQTG/4jHNdvkJ1Cu1DvRS7ajV0RDu','2026-03-15 14:41:14','2026-03-15 14:41:14','Phạm Thị Hương Lan','teacher','active',NULL,NULL),(106,'ptttruc@tvu.edu.vn','$2b$10$X6wm2kk5WwEi0I8FNqDwtelQbKPkrF8tRWxVYDxPjEPMirVylgeVG','2026-03-15 14:41:31','2026-03-15 14:41:31','Phạm Thị Thanh Trúc','teacher','active',NULL,NULL),(107,'pttrucmai1980@tvu.edu.vn','$2b$10$eeMQRJp68/7.k7D9nZS6MO5y3HTi6qrI7NvWtmAMP8SYCpia1UZ0G','2026-03-15 14:42:13','2026-03-15 15:41:26','Phạm Thị Trúc Mai','teacher','active','2026-03-15 15:41:26',NULL),(108,'phlanh@tvu.edu.vn','$2b$10$sJwE45Nj/uGlkxEG4Zymf.RrhfNNlu4usQRn0Xn8tYNh1NM01kTFK','2026-03-15 14:42:29','2026-03-15 14:42:29','Phan Huỳnh Lan Anh','teacher','active',NULL,NULL),(109,'ptcloan@tvu.edu.vn','$2b$10$vqTAHOEFn5F.aX2XNeNWI.KWwlQXPcT3cQnr8eQeN8K/iSxfblIg.','2026-03-15 14:42:42','2026-03-15 14:42:42','Phan Thị Cẩm Loan','teacher','active',NULL,NULL),(110,'ptkthu@tvu.edu.vn','$2b$10$SvAQJ6sX.KmQ0Ypzf7TJD.k.TnbBU/eLa2322bhojpM8rsqYF7qxG','2026-03-15 14:43:05','2026-03-15 14:43:05','Phan Thị Kiều Thu','teacher','active',NULL,NULL),(111,'ptngocsuong@tvu.edu.vn','$2b$10$6OVDQPoHA7Wh6GczI7o3lOExx9bXBeULGjkyDr1Yg3rEgedgrh3TK','2026-03-15 14:45:36','2026-03-15 14:45:36','Phan Thị Ngọc Sương','teacher','active',NULL,NULL),(112,'pttmai_thsp@tvu.edu.vn','$2b$10$D8kvvvICFHv2JlgFDic/0.yamBjRouyIgeC6xj9/D/VOnxj.X1NqG','2026-03-15 14:46:21','2026-03-15 15:40:33','Phan Thị Tuyết Mai','teacher','active','2026-03-15 15:40:33',NULL),(113,'stnyen@tvu.edu.vn','$2b$10$eHl1qVvyq.QV4NrgYxuo1u/emutJ92hPV.3TuNDZcKx99OYq0an/O','2026-03-15 14:46:35','2026-03-15 14:46:35','Sơn Thị Ngọc Yến','teacher','active',NULL,NULL),(114,'sttthao@tvu.edu.vn','$2b$10$yxRF.OCRL.mMPbvXnTE.6On8omOwYUOGmYUNhJmywz063X151Zvtm','2026-03-15 14:46:47','2026-03-15 14:46:47','Sơn Thị Thu Thảo','teacher','active',NULL,NULL),(115,'tvmai@tvu.edu.vn','$2b$10$Z84.SkPOn3fGa2NYmagX.uYs38CNbxE05lk08eaBqfcCwsVozf3eK','2026-03-15 14:47:00','2026-03-15 14:47:00','Tạ Văn Mãi','teacher','active',NULL,NULL),(116,'tntha@tvu.edu.vn','$2b$10$X8usXbqUtgeHpvrsjnTBReI5gbjESqedH2VzUqNu8ZBG.TKIaHF66','2026-03-15 14:47:20','2026-03-15 14:47:20','Thạch Ngọc Tha','teacher','active',NULL,NULL),(117,'ttsphi@tvu.edu.vn','$2b$10$ZZeGK50rwXjf6dY2uA0HduKVJP/Vfsq49G5EFaTksk/93/aBLGmFK','2026-03-15 14:47:54','2026-03-15 14:47:54','Thạch Thị Sô Phi','teacher','active',NULL,NULL),(118,'tttvan@tvu.edu.vn','$2b$10$4bbutsOddBSNOyCgPN9c8uuRIqtJwr/lqCzFFs6.AclFIZst.CYM2','2026-03-15 14:48:05','2026-03-15 14:48:05','Thạch Thị Tuyết Vân','teacher','active',NULL,NULL),(119,'ttdo@tvu.edu.vn','$2b$10$ikg4YMc0GVevCRzDCHOdz.dYbqlE9DXZBy/APj6owUSOZnv4UaWx.','2026-03-15 14:48:19','2026-03-22 15:49:04','Thái Tuấn Đô','teacher','active','2026-03-22 15:49:04',NULL),(120,'ttmnu@tvu.edu.vn','$2b$10$PSTAdDN.dBZGNcLWCFz.g.shJuWNySBePQWY.ECOKi6aomrjZs1M.','2026-03-15 14:48:33','2026-03-15 14:48:33','Thân Thị Mỹ Nữ','teacher','active',NULL,NULL),(121,'tpthanh@tvu.edu.vn','$2b$10$HfuVi8rlooq8jJr3CWDtTeLm5L10dxoZdp51C8o.oF/DkhL61tf.W','2026-03-15 14:48:48','2026-03-15 14:48:48','Tô Phương Thanh','teacher','active',NULL,NULL),(122,'tptrang@tvu.edu.vn','$2b$10$sXlBCuPaq2AHGOLTQrewKeqbAeETlsdb6UzQclZBz5aZSrODZVSFS','2026-03-15 14:49:06','2026-03-15 14:49:06','Tô Phương Trang','teacher','active',NULL,NULL),(123,'tptu@my.tvu.edu.vn','$2b$10$g4vMsP6FC7q3vGYlhAEqGeY92s7s7p9/KOABgq2VacF2KHkMYPfhO','2026-03-15 14:49:29','2026-03-15 14:49:29','Tô Phượng Tú','teacher','active',NULL,NULL),(124,'ttphuong@tvu.edu.vn','$2b$10$aGb.Sv7fhP7YxAx.3b62BO8a0WKIkzyl9mI7bLC.QfUPfzGOVZjCW','2026-03-15 14:49:44','2026-03-15 14:49:44','Tô Thúc Phương','teacher','active',NULL,NULL),(125,'tynhi@tvu.edu.vn','$2b$10$H/jfvLgR1x7wFeBTUtu14ucvJdrwy9nQ781S/dPzgG1c/KPufOxT.','2026-03-15 14:49:56','2026-03-15 14:49:56','Tô Yến Nhi','teacher','active',NULL,NULL),(126,'tbtrong@tvu.edu.vn','$2b$10$dy4tLWkJ.uJQiGIGlSpmsuOVCzunEB5Hn/gW.Mh24RXj2N5ncgnmW','2026-03-15 14:50:12','2026-03-15 14:50:12','Trần Bình Trọng','teacher','active',NULL,NULL),(127,'ththien@tvu.edu.vn','$2b$10$KSWNI9ks.a5XD4KWzChxZOWqJRMsw1lXpbbY.cL92s8z93Mpmq45G','2026-03-15 14:50:24','2026-03-15 14:50:24','Trần Hoàng Thiện','teacher','active',NULL,NULL),(128,'tmhung@tvu.edu.vn','$2b$10$hD8pctsTdzMGHQYvIeeKTexzd2EeHdtXbIx4ey7Z3YUazsHM4R9Hy','2026-03-15 14:50:43','2026-03-15 14:50:43','Trần Minh Hùng','teacher','active',NULL,NULL),(129,'tmson@tvu.edu.vn','$2b$10$6mcHhtQKMWb.2lfq/jnJeevijhu2QhG.47vLsIKxfuV60lO7ZSBxG','2026-03-15 14:50:55','2026-03-15 14:50:55','Trần Minh Sơn','teacher','active',NULL,NULL),(130,'tmtuyen@tvu.edu.vn','$2b$10$jAg8zgTtcUrXQguCH6T9x.IcsovC2uXU21MCtweeiYt/1p.44JJJa','2026-03-15 14:51:07','2026-03-15 14:51:07','Trần Mộng Tuyền','teacher','active',NULL,NULL),(131,'tnoanh@tvu.edu.vn','$2b$10$ajAn47coIA6T0ro1pNWqAev5fOFFE7Jq3SrjO.JfmJ/2sUc69jhs.','2026-03-15 14:51:19','2026-03-15 14:51:19','Trần Ngọc Oanh','teacher','active',NULL,NULL),(132,'tqviet_thsp@tvu.edu.vn','$2b$10$O6BOeqFp/84839sBYZvqXeim3c6bwP0P8Jfw2UJzZ8n/BhDtbMLpq','2026-03-15 14:51:32','2026-03-15 14:51:32','Trần Quốc Việt','teacher','active',NULL,NULL),(133,'tttai@tvu.edu.vn','$2b$10$h8rdZCYqgo5qYOuUoDph3OA.DxrvU/KjK/9w5ROAFbBofQgfeMVlW','2026-03-15 14:51:44','2026-03-15 14:51:44','Trần Tấn Tài','teacher','active',NULL,NULL),(134,'ttngan@tvu.edu.vn','$2b$10$eEW4QphmQ5eUdEGSqXEQzOHZc98Z0QhRLq5l8RGGI45Kyr/l9XdVG','2026-03-15 14:51:57','2026-03-15 14:51:57','Trần Thanh Ngân','teacher','active',NULL,NULL),(135,'ttkanh@tvu.edu.vn','$2b$10$oQosg1mjr1E0OKb38jOoEuAvJQkjpIEkjw.hJtpwHelWmLUe.j5Ny','2026-03-15 14:52:43','2026-03-15 14:52:43','Trần Thị Kim Anh','teacher','active',NULL,NULL),(136,'ttmtien@tvu.edu.vn','$2b$10$8NxgfYQriYxoU1xAY46Hxe7ikgdXxWkxJ5iMOvm1LhPouz2L1INmC','2026-03-15 14:53:03','2026-03-15 14:53:03','Trần Thị Mỹ Tiên','teacher','active',NULL,NULL),(137,'ttthoa@tvu.edu.vn','$2b$10$WZniA9ZaOTnPege54THbCOtLP3bPrP4dSTE9iQmQdpidYXnBNuMLC','2026-03-15 14:53:37','2026-03-15 14:53:37','Trần Thị Thanh Hoa','teacher','active',NULL,NULL),(138,'tttnguyen@tvu.edu.vn','$2b$10$Ze8TPPTnhDo89bZCQU/.UOyZmJJK9RWIDHcY/pV2GIe4K.BBwJOBO','2026-03-15 14:53:50','2026-03-15 14:53:50','Trần Thị Thanh Nguyên','teacher','active',NULL,NULL),(139,'tttthuy@tvu.edu.vn','$2b$10$GQ9Uxf99vOAwhjbTGxKIMuryMhV66jU5W53co3uxYZsBW2GtxG89C','2026-03-15 14:54:07','2026-03-15 14:54:07','Trần Thị Thanh Thúy','teacher','active',NULL,NULL),(140,'ttthaonguyen@tvu.edu.vn','$2b$10$SQ5b6eK0ATYl7zU7haBJKOe6DjUPsaQLiH8maoIb5652sv8.LYAhy','2026-03-15 14:54:19','2026-03-22 16:10:54','Trần Thị Thảo Nguyên','teacher','active','2026-03-22 16:10:54',NULL),(141,'tvnho@tvu.edu.vn','$2b$10$HyQhpOOLNBeA.v5qxLUYSO/pnVAdqG.D0gqqks1PhbpOovVpfCRxq','2026-03-15 14:54:33','2026-03-15 14:54:33','Trần Việt Nho','teacher','active',NULL,NULL),(142,'ttmydung@tvu.edu.vn','$2b$10$BFxmH51cPRJ0fbNePN7cDuCoDRlhqsa1HJY8UHr1ZOI1BbYuJiu6e','2026-03-15 14:54:47','2026-03-15 14:54:47','Trang Thị Mỹ Dung','teacher','active',NULL,NULL),(143,'ttnhan@tvu.edu.vn','$2b$10$5.JDsjjTZY2FNl/Uxx1AMO2b9lFQVcJnhDMBd5.m5wCWrhQriG1Ey','2026-03-15 14:55:01','2026-03-15 14:55:01','Trịnh Thị Ngọc Hân','teacher','active',NULL,NULL),(144,'ttngochan@tvu.edu.vn','$2b$10$1VuNZOmDpeDe5eXVTYFFsuhEV5FHVl8t5GQxjf9Jx55vWFtPLVtrG','2026-03-15 14:55:19','2026-03-15 14:55:19','Trương Thị Ngọc Hân','teacher','active',NULL,NULL),(145,'ttttrieu@tvu.edu.vn','$2b$10$rOt5qBldtuYJKAE9io4G6uYKxnyZTs3z0lFyRsP.w77LqmkL/BClO','2026-03-15 14:55:33','2026-03-15 14:55:33','Trương Thị Thủy Triều','teacher','active',NULL,NULL),(146,'tttruc@tvu.edu.vn','$2b$10$wiJYk5Dw9YWipnixmiiZTevVsQUtZJNrRC/3YoRf01ZUOrC9Kl.kG','2026-03-15 14:55:46','2026-03-15 14:55:46','Trương Thị Trúc','teacher','active',NULL,NULL),(147,'tuthihuynhanh22@gmail.com','$2b$10$Y1IvIfD43J7A8DSO/GHG/OzY/SPQLKEvc9k7wlIB8zyWzdAmHodBe','2026-03-15 14:56:02','2026-03-15 14:56:02','Từ Nguyễn Huỳnh Anh','teacher','active',NULL,NULL),(148,'valac@tvu.edu.vn','$2b$10$vZO2F5n8cswywKxr12Vyzenp6gyTgI/NZ43a11Gnb0lmVs/DioFgO','2026-03-15 14:56:16','2026-03-15 14:56:16','Võ An Lạc','teacher','active',NULL,NULL),(149,'vhtkhiet@tvu.edu.vn','$2b$10$HGsWxBqrVZw1xSCOG2ANTu9CwEQr.Qa3tyfrQNbBGgDWYWE/P6nOK','2026-03-15 14:56:31','2026-03-15 14:56:31','Võ Hoàng Thanh Khiết','teacher','active',NULL,NULL),(150,'vqdai@tvu.edu.vn','$2b$10$MGp7aL6ZnKIFNwBGOdv8MeZNr.0uw.TynirFFWaH4eoUmCub.3u9a','2026-03-15 14:56:42','2026-03-22 16:03:17','Võ Quốc Đại','teacher','active','2026-03-22 16:03:17',NULL),(151,'vtkkhoa@tvu.edu.vn','$2b$10$2Juj3pdH6zfLDmLawZsYuuYwq1K4gVtuDzZ6BYe/YTP3MC4vJMmAS','2026-03-15 14:56:58','2026-03-22 16:00:36','Võ Thị Kim Khoa','teacher','active','2026-03-22 16:00:36',NULL),(152,'vtmau@tvu.edu.vn','$2b$10$T6Gp5yXroE6ZjSaxKX8flOUUUkmd4cxpr0e88KIxW3WT2e5g025Qe','2026-03-15 14:57:13','2026-03-15 14:57:13','Võ Thị Màu','teacher','active',NULL,NULL),(153,'vttquyen@tvu.edu.vn','$2b$10$x30AycXLUOc135ETqTJeeOtIF2u9P1NtTIxJyxRtrvfzY.SjuV/hW','2026-03-15 14:57:24','2026-03-15 15:38:03','Võ Thị Tú Quyên','teacher','active','2026-03-15 15:38:03',NULL),(154,'vvlam@tvu.edu.vn','$2b$10$toyc0Hp8lujG2nMsaIa0c.wwmEw.wHdyKa7YIu/jhQAmrMbIwJ.cy','2026-03-15 14:57:35','2026-03-15 14:57:35','Võ Văn Lâm','teacher','active',NULL,NULL),(155,'vtmhien@tvu.edu.vn','$2b$10$Ho2Si/k1swaFv55D..n9e.TFc6wuOCW9qWNb53Y2SduDWT3SVMIFu','2026-03-15 14:58:00','2026-03-15 14:58:00','Vương Thị Mỹ Hiền','teacher','active',NULL,NULL),(156,'dlhao@tvu.edu.vn','$2b$10$YbRpEmSpP/M4H37bSAPnr.kVkCiIsWKTZD0M3UVOVEsIZHfIMWsNC','2026-03-15 14:58:11','2026-03-15 14:58:11','Đặng Lâm Hào','teacher','active',NULL,NULL),(157,'dvtung@tvu.edu.vn','$2b$10$Y8plqYVv9v16O18rLPhg7.AaiyXSkVuVM1rLj.lb3F3DCKyzoBuCK','2026-03-15 14:58:21','2026-03-15 14:58:21','Đặng Văn Tùng','teacher','active',NULL,NULL),(158,'dtdkieu@tvu.edu.vn','$2b$10$/uD0XYyYdU55yurp51l7X.lWNPJNBQEOKKMLP01thHMPD2cNkD36e','2026-03-15 14:58:34','2026-03-15 14:58:34','Đào Thị Diễm Kiều','teacher','active',NULL,NULL),(159,'dttngan@tvu.edu.vn','$2b$10$1CHhEV/3rHk0EjybKDUC..N0TetQHUcZzvYsHLOJoc2HvuPt1Z52a','2026-03-15 14:58:44','2026-03-15 14:58:44','Đinh Thị Thu Ngân','teacher','active',NULL,NULL),(160,'dtvan@tvu.edu.vn','$2b$10$fS10SWnG56pX6eNVacndx.mHFyt4RBJyskHKyQMlU.xdRtjUQZnYu','2026-03-15 14:58:54','2026-03-15 14:58:54','Đinh Tuyết Vân','teacher','active',NULL,NULL),(161,'dbvan@tvu.edu.vn','$2b$10$dwhuwfooAEsZ9x9kNHkbmuJ.Fa91lSn8p2e55ixk9DIxFto0lboCK','2026-03-15 14:59:38','2026-03-15 14:59:38','Đỗ Bích Vân','teacher','active',NULL,NULL),(162,'dttnga@tvu.edu.vn','$2b$10$yk.tLN7FtBhZiKFhmkAVsOKlycylHdayL4TvmM6UZhwrNfz1ldmHy','2026-03-15 14:59:52','2026-03-22 15:04:00','Đoàn Thị Thanh Nga','teacher','active','2026-03-22 15:04:00',NULL),(163,'dttkieu@tvu.edu.vn','$2b$10$zekI/rc5LTbNBSm/WRTO4O2lRIKLqZsCUZ6kIkBetgsJZk30vjTgy','2026-03-15 15:00:05','2026-03-15 15:00:05','Đoàn Thị Thúy Kiều','teacher','active',NULL,NULL),(164,'dtplinh@tvu.edu.vn','$2b$10$mWTSYVKpa.iJ8lSEa2BpFedod0QVnLWhDxLnTevKUmU/zR.bPEHKi','2026-03-15 15:00:15','2026-03-15 15:00:15','Đồng Thị Phương Linh','teacher','active',NULL,NULL),(165,'dttlinh@tvu.edu.vn','$2b$10$m8jy1eHhsA9iRQUEAAC6z.U4Fcz9q6KGMouaSrSiGPyGaM97ETa/G','2026-03-15 15:00:28','2026-03-22 15:03:26','Đồng Thị Thùy Linh','teacher','active','2026-03-22 15:03:26',NULL),(166,'ntthuytrang@tvu.edu.vn','$2b$10$2lcNZpo3y3t0.reYGP072.aBRKjQd4rz/o2x8pidUrooCKsAR3WoG','2026-03-15 15:29:55','2026-03-15 15:29:55','Nguyễn Thị Thùy Trang','teacher','active',NULL,NULL),(167,'vdkhoa@tvu.edu.vn','$2b$10$UXdBOfZqSMdaU0NAKK6dv.Eo7o4134tILhWQiOuWzsl1d/uNczLzS','2026-03-15 15:29:56','2026-03-28 13:27:19','Võ Đăng Khoa','teacher','active','2026-03-18 20:45:44',NULL),(168,'trinhmeo2k4@gmail.com','$2b$10$cPCL1RMXP8QM9zVrQ5e4aOQilQLXNXHqWtP7t42yuKmQ99C36Sz/y','2026-03-18 10:10:53','2026-03-18 10:12:32','Huệ Trinh','technician','active','2026-03-18 10:11:44','/uploads/avatars/avatar-1773803552383-454249260.jpg'),(169,'nguyenthia@gmail.com','$2b$10$GROm38b0Ja8pxbJUWzuntuxzMqzgLn0Ur51IZEtaOixxbF6cFK/xS','2026-03-30 13:30:45','2026-03-30 13:31:12','Nguyễn Thị A','teacher','active','2026-03-30 13:31:12',NULL),(170,'nguyenthib@gmail.com','$2b$10$t04u5BcofTEcj087k3nB7eZUzUg3hjx8A8sWuTRpKmCKPKTMcKX5C','2026-03-31 15:31:28','2026-03-31 15:31:28','Nguyễn Thị B','teacher','active',NULL,NULL);
/*!40000 ALTER TABLE `users` ENABLE KEYS */;
UNLOCK TABLES;

--
-- Table structure for table `work_order_assignees`
--

DROP TABLE IF EXISTS `work_order_assignees`;
/*!40101 SET @saved_cs_client     = @@character_set_client */;
/*!50503 SET character_set_client = utf8mb4 */;
CREATE TABLE `work_order_assignees` (
  `id` int NOT NULL AUTO_INCREMENT,
  `work_order_id` int NOT NULL,
  `assigned_to_user_id` int NOT NULL,
  `assigned_at` timestamp NULL DEFAULT CURRENT_TIMESTAMP,
  PRIMARY KEY (`id`),
  UNIQUE KEY `uk_work_order_user` (`work_order_id`,`assigned_to_user_id`),
  KEY `idx_user_id` (`assigned_to_user_id`),
  CONSTRAINT `work_order_assignees_ibfk_1` FOREIGN KEY (`work_order_id`) REFERENCES `work_orders` (`id`) ON DELETE CASCADE,
  CONSTRAINT `work_order_assignees_ibfk_2` FOREIGN KEY (`assigned_to_user_id`) REFERENCES `users` (`id`) ON DELETE CASCADE
) ENGINE=InnoDB AUTO_INCREMENT=24 DEFAULT CHARSET=utf8mb4 COLLATE=utf8mb4_unicode_ci;
/*!40101 SET character_set_client = @saved_cs_client */;

--
-- Dumping data for table `work_order_assignees`
--

LOCK TABLES `work_order_assignees` WRITE;
/*!40000 ALTER TABLE `work_order_assignees` DISABLE KEYS */;
INSERT INTO `work_order_assignees` VALUES (1,7,1,'2026-04-01 01:31:46'),(2,8,1,'2026-04-01 01:31:46'),(3,9,1,'2026-04-01 01:31:46'),(4,10,1,'2026-04-01 01:31:46'),(5,2,5,'2026-04-01 01:31:46'),(6,3,5,'2026-04-01 01:31:46'),(7,4,5,'2026-04-01 01:31:46'),(8,5,5,'2026-04-01 01:31:46'),(9,12,5,'2026-04-01 01:31:46'),(10,1,7,'2026-04-01 01:31:46'),(11,6,10,'2026-04-01 01:31:46'),(12,11,10,'2026-04-01 01:31:46'),(16,13,10,'2026-04-01 01:36:33'),(17,13,5,'2026-04-01 01:36:33'),(18,14,1,'2026-04-01 06:03:14'),(19,14,5,'2026-04-01 06:03:14'),(20,14,10,'2026-04-01 06:03:14'),(21,15,10,'2026-04-03 08:34:16'),(22,15,5,'2026-04-03 08:34:16'),(23,15,1,'2026-04-03 08:34:16');
/*!40000 ALTER TABLE `work_order_assignees` ENABLE KEYS */;
UNLOCK TABLES;

--
-- Table structure for table `work_order_attachments`
--

DROP TABLE IF EXISTS `work_order_attachments`;
/*!40101 SET @saved_cs_client     = @@character_set_client */;
/*!50503 SET character_set_client = utf8mb4 */;
CREATE TABLE `work_order_attachments` (
  `id` int NOT NULL AUTO_INCREMENT,
  `work_order_id` int NOT NULL,
  `file_url` varchar(255) NOT NULL,
  `uploaded_by` int NOT NULL,
  `created_at` datetime NOT NULL,
  PRIMARY KEY (`id`),
  KEY `work_order_id` (`work_order_id`),
  KEY `uploaded_by` (`uploaded_by`),
  CONSTRAINT `work_order_attachments_ibfk_1` FOREIGN KEY (`work_order_id`) REFERENCES `work_orders` (`id`) ON DELETE CASCADE,
  CONSTRAINT `work_order_attachments_ibfk_2` FOREIGN KEY (`uploaded_by`) REFERENCES `users` (`id`)
) ENGINE=InnoDB AUTO_INCREMENT=5 DEFAULT CHARSET=utf8mb4 COLLATE=utf8mb4_0900_ai_ci;
/*!40101 SET character_set_client = @saved_cs_client */;

--
-- Dumping data for table `work_order_attachments`
--

LOCK TABLES `work_order_attachments` WRITE;
/*!40000 ALTER TABLE `work_order_attachments` DISABLE KEYS */;
INSERT INTO `work_order_attachments` VALUES (1,7,'/uploads/work-orders/work-order-1773890652341-458966677.jpg',1,'2026-03-19 10:24:12'),(2,8,'/uploads/work-orders/work-order-1773890913348-636945869.jpg',1,'2026-03-19 10:28:33'),(3,10,'/uploads/work-orders/work-order-1773901991599-802136586.png',1,'2026-03-19 13:33:11'),(4,12,'/uploads/work-orders/work-order-1774946329568-842679615.png',5,'2026-03-31 15:38:49');
/*!40000 ALTER TABLE `work_order_attachments` ENABLE KEYS */;
UNLOCK TABLES;

--
-- Table structure for table `work_orders`
--

DROP TABLE IF EXISTS `work_orders`;
/*!40101 SET @saved_cs_client     = @@character_set_client */;
/*!50503 SET character_set_client = utf8mb4 */;
CREATE TABLE `work_orders` (
  `id` int NOT NULL AUTO_INCREMENT,
  `code` varchar(50) NOT NULL,
  `title` varchar(255) NOT NULL,
  `content` text NOT NULL,
  `location` varchar(255) DEFAULT NULL,
  `start_date` datetime DEFAULT NULL,
  `end_date` datetime DEFAULT NULL,
  `note` text,
  `created_by` int NOT NULL,
  `approved_by` int DEFAULT NULL,
  `assigned_to` int DEFAULT NULL,
  `status` enum('pending','approved','in_progress','submitted_for_review','completed','rework_requested','rejected','cancelled') DEFAULT 'pending',
  `created_at` datetime NOT NULL,
  `updated_at` datetime NOT NULL,
  PRIMARY KEY (`id`),
  UNIQUE KEY `code` (`code`),
  KEY `created_by` (`created_by`),
  KEY `approved_by` (`approved_by`),
  KEY `assigned_to` (`assigned_to`),
  CONSTRAINT `work_orders_ibfk_1` FOREIGN KEY (`created_by`) REFERENCES `users` (`id`),
  CONSTRAINT `work_orders_ibfk_2` FOREIGN KEY (`approved_by`) REFERENCES `users` (`id`),
  CONSTRAINT `work_orders_ibfk_3` FOREIGN KEY (`assigned_to`) REFERENCES `users` (`id`)
) ENGINE=InnoDB AUTO_INCREMENT=16 DEFAULT CHARSET=utf8mb4 COLLATE=utf8mb4_0900_ai_ci;
/*!40101 SET character_set_client = @saved_cs_client */;

--
-- Dumping data for table `work_orders`
--

LOCK TABLES `work_orders` WRITE;
/*!40000 ALTER TABLE `work_orders` DISABLE KEYS */;
INSERT INTO `work_orders` VALUES (1,'WO-20260313-0001','kk','kk','kk','2026-03-18 07:00:00','2026-03-15 07:00:00','kk',3,NULL,7,'pending','2026-03-13 09:50:09','2026-03-13 09:50:09'),(2,'WO-20260313-0002','jj','jj','jj','2026-03-14 07:00:00','2026-03-16 07:00:00','jj',3,NULL,5,'pending','2026-03-13 09:50:54','2026-03-13 09:50:54'),(3,'WO-20260313-0003','Tham gia Hội thi Viết chữ đẹp cấp tỉnh dành cho học sinh tiểu học Năm học 2025-2026','Tham gia Hội thi Viết chữ đẹp cấp tỉnh dành cho học sinh tiểu học Năm học 2025-2026','Hội trường Sở GDĐT Vĩnh Long.','2026-03-14 07:00:00','2026-03-24 07:00:00','',3,NULL,5,'pending','2026-03-13 10:30:02','2026-03-13 10:30:02'),(4,'WO-20260313-0004','Hội giảng cấp tỉnh','Hội giảng cấp tỉnh','Trường THCS Tiểu Cần','2026-03-21 07:00:00','2026-03-22 07:00:00','',3,NULL,5,'pending','2026-03-13 10:31:07','2026-03-13 10:31:07'),(5,'WO-20260313-0005','Hội giảng cấp tỉnh','Hội giảng cấp tỉnh','Trường THCS Tiểu Cần','2026-03-21 07:00:00','2026-03-22 07:00:00','',3,NULL,5,'pending','2026-03-13 10:31:20','2026-03-13 10:31:20'),(6,'WO-20260318-0001','Dự hội nghị','Dự hội nghị tại ĐHTV','ĐHTV','2026-03-19 07:00:00','2026-03-20 07:00:00','',10,NULL,10,'pending','2026-03-18 08:15:59','2026-03-18 08:15:59'),(7,'WO-20260319-0001','Test công lệnh','abcxyznmasad','Trường ABC','2026-03-20 07:00:00','2026-03-19 10:24:25','ÁDHASIHDIASUH',1,1,1,'completed','2026-03-19 07:46:57','2026-03-19 10:24:25'),(8,'WO-20260319-0002','Test công lệnh 2','ạpdoiasjdoij','UAHSDUIA','2026-03-25 10:25:15','2026-03-19 10:32:26','ÁDASDASD',1,1,1,'completed','2026-03-19 10:25:15','2026-03-19 10:32:26'),(9,'WO-20260319-0003','Test công lệnh 3','DA0SIID0ASUD','JOIASJDOASJ','2026-03-30 10:35:28','2026-03-31 10:35:28','ỊADOIAJSODIJ',1,9,1,'rejected','2026-03-19 10:35:28','2026-03-19 10:35:59'),(10,'WO-20260319-0004','Test công lệnh ádjaish','sạdijasodjasio','áiuhdiaushdi','2026-04-01 13:31:54','2026-03-19 13:36:05','djfisdfisudh',1,7,1,'completed','2026-03-19 13:31:54','2026-03-19 13:36:05'),(11,'WO-20260323-0001','Test công lệnh','aaaaaaaaaaaaaaaa','Trường ABC','2026-03-25 07:55:42','2026-03-28 07:55:42','[LY DO TU CHOI] sad',7,7,10,'rejected','2026-03-23 07:55:42','2026-04-03 15:26:21'),(12,'WO-20260331-0001','Cử đi abc','abcxyz','Trường ABC','2026-04-02 15:34:51','2026-03-31 15:39:37','ÁDAD',7,7,5,'completed','2026-03-31 15:34:51','2026-03-31 15:39:37'),(13,'WO-20260401-0001','Test công lệnh','sdadadadad','ádasdasda','2026-04-03 08:36:33','2026-04-05 08:36:33','ádasd',7,7,10,'approved','2026-04-01 08:36:33','2026-04-01 13:02:21'),(14,'WO-20260401-0002','Test công lệnh','ạidaijsdoij','Trường ....','2026-04-01 13:03:14','2026-04-10 13:03:14','ádasd',7,7,1,'approved','2026-04-01 13:03:14','2026-04-01 13:03:35'),(15,'WO-20260403-0001','Test công lệnh','ádasd','ádasdasd','2026-04-04 15:34:16','2026-04-14 15:34:16','ádasd\n[LY DO TU CHOI] test từ chối',7,7,10,'rejected','2026-04-03 15:34:16','2026-04-03 15:34:26');
/*!40000 ALTER TABLE `work_orders` ENABLE KEYS */;
UNLOCK TABLES;
/*!40103 SET TIME_ZONE=@OLD_TIME_ZONE */;

/*!40101 SET SQL_MODE=@OLD_SQL_MODE */;
/*!40014 SET FOREIGN_KEY_CHECKS=@OLD_FOREIGN_KEY_CHECKS */;
/*!40014 SET UNIQUE_CHECKS=@OLD_UNIQUE_CHECKS */;
/*!40101 SET CHARACTER_SET_CLIENT=@OLD_CHARACTER_SET_CLIENT */;
/*!40101 SET CHARACTER_SET_RESULTS=@OLD_CHARACTER_SET_RESULTS */;
/*!40101 SET COLLATION_CONNECTION=@OLD_COLLATION_CONNECTION */;
/*!40111 SET SQL_NOTES=@OLD_SQL_NOTES */;

-- Dump completed on 2026-04-03 16:12:34
